male,female,male_quantized,female_quantized
0.8702101934523809,0.5583612351190477,5,3
0.41555059523809523,0.4832589285714286,3,3
0.3438987731933594,0.6471726553780692,2,4
0.49646577380952384,0.003534226190476164,3,1
0.1665736607142857,0.2977120535714286,1,2
0.23373013450985858,0.7722222464425224,2,4
0.1222098214285714,0.06231398809523814,1,1
0.0015872773670014828,0.9984127226329985,1,5
0.07696242559523814,0.34565662202380953,1,2
0.48907180059523814,0.48711867559523814,3,3
0.44717261904761907,0.7373511904761905,3,4
0.7892485119047619,0.3833705357142857,4,2
0.8297991071428572,0.009486607142857095,5,1
0.9152715773809523,0.060918898809523836,5,1
0.41703869047619047,0.5889136904761905,3,3
0.9148530505952381,0.28157552083333337,5,2
0.30932544526599703,0.0537697928292411,2,1
0.8415178571428572,0.1763392857142857,5,1
0.9509858630952381,0.13234747023809523,5,1
0.9125496092296782,0.7332837241036552,5,4
0.9418712797619048,0.9331287202380952,5,5
0.48330543154761907,0.30240885416666663,3,2
0.9688430059523809,0.0013950892857143016,5,1
0.6893601190476191,0.13802083333333337,4,1
0.9839285895937965,0.4267856961204892,5,3
0.9992559523809523,0.0037202380952381375,5,1
0.6087301345098586,0.4210317702520461,4,3
0.3196149553571429,0.5315755208333333,2,3
0.39443824404761907,0.224609375,2,2
0.9734002976190477,0.014694940476190466,5,1
0.7970145089285714,0.1672712053571429,4,1
0.6500651041666667,0.0046968005952381375,4,1
0.9920479910714286,0.0019996279761904656,5,1
0.8249627976190477,0.16313244047619047,5,1
0.05009914579845609,0.500496092296782,1,3
0.6866164434523809,0.1485770089285714,4,1
0.6920572916666667,0.5281808035714286,4,3
0.6422991071428572,0.08389136904761907,4,1
0.003422600882393989,0.5233631134033203,1,3
0.03729538690476186,0.18294270833333337,1,1
0.9991629464285714,0.3936941964285714,5,2
0.998859133039202,0.09637896219889319,5,1
0.7486049107142857,0.6144903273809523,4,4
0.5697421119326637,0.2368055071149554,3,2
0.4965194974626813,0.8298528307960147,3,5
0.8684895833333334,0.3577008928571429,5,2
0.44759114583333337,0.5583612351190477,3,3
0.7018229166666667,0.5243675595238095,4,3
0.4624720982142857,0.8291945684523809,3,5
0.8081287202380952,0.42401413690476186,5,3
0.011021205357142905,0.8956008184523809,1,5
0.9770740327380952,0.016973586309523836,5,1
0.7848772321428572,0.3044084821428571,4,2
0.9929067520868211,0.004117057436988425,5,1
0.6071428571428572,0.6666666666666667,4,4
0.9599144345238095,0.01627604166666663,5,1
0.7065197172619048,0.09705171130952384,4,1
0.7634858630952381,0.5222284226190477,4,3
0.4990234375,0.5128813244047619,3,3
0.7693452380952381,0.2366071428571429,4,2
0.46339289347330725,0.432440439860026,3,3
0.9849557725777707,0.004901515056781824,5,1
0.3726190839494977,0.9964285350981212,2,5
0.9688491821289062,0.03115081787109375,5,1
0.9099237351190477,0.09007626488095233,5,1
0.5160435267857143,0.5077659970238095,3,3
0.21842447916666663,0.9541945684523809,2,5
0.20651971726190477,0.8649088541666666,2,5
0.45651971726190477,0.6565755208333333,3,4
0.21935453869047616,0.6813151041666667,2,4
0.5870535714285714,0.42485119047619047,3,3
0.44163876488095233,0.15955171130952384,3,1
0.9862816220238095,0.019670758928571397,5,1
0.8799293154761905,0.1141183035714286,5,1
0.8265873136974516,0.1793650672549293,5,1
0.5158729553222656,0.6031746637253534,3,4
0.9416387648809523,0.16550409226190477,5,1
0.9118768601190477,0.7726469494047619,5,4
0.7134021577380952,0.9134579613095238,4,5
0.5438058035714286,0.16452752976190477,3,1
0.06491815476190477,0.8457961309523809,1,5
0.720703125,0.5114397321428572,4,3
0.8859747023809523,0.11402529761904767,5,1
0.09325390770321795,0.004960378011067745,1,1
0.45810081845238093,0.2978515625,3,2
0.1248016357421875,0.8930555071149554,1,5
0.7009858630952381,0.3228236607142857,4,2
0.3999720982142857,0.9631231398809523,2,5
0.6202101934523809,0.48693266369047616,4,3
0.9964657738095238,0.003534226190476164,5,1
0.7486049107142857,0.16806175595238093,4,1
0.3967633928571429,0.30561755952380953,2,2
0.8178943452380952,0.7952008928571428,5,4
0.7593005952380952,0.0026041666666666297,4,1
0.8839285714285714,0.044642857142857095,5,1
0.42867061070033485,0.1993055797758556,3,1
0.7018352690197173,0.3100694928850446,4,2
0.49646577380952384,0.9916294642857143,3,5
0.6578372773670015,0.2618055797758556,4,2
0.043247767857142905,0.9507998511904762,1,5
0.9033729916527158,0.11448415120442712,5,1
0.8236142113095238,0.1823381696428571,5,1
0.8047340029761905,0.6476469494047619,5,4
0.9029482886904762,0.32919456845238093,5,2
0.02920386904761907,0.6077008928571428,1,4
0.7110770089285714,0.33058965773809523,4,2
0.9654482886904762,0.0107421875,5,1
0.7630673363095238,0.08812313988095233,4,1
0.04598217918759295,0.6831844874790737,1,4
0.9116908482142857,0.058547247023809534,5,1
0.8789681934175038,0.13888894943963914,5,1
0.9480158487955729,0.12341272263299852,5,1
0.01009114583333337,0.013718377976190466,1,1
0.9774553389776324,0.0011160895937967208,5,1
0.0249720982142857,0.0107421875,1,1
0.38509114583333337,0.33514694940476186,2,2
0.5209325154622395,0.19335319882347468,3,1
0.44424601963588173,0.03789683750697548,3,1
0.0146484375,0.02701822916666663,1,1
0.23628162202380953,0.07919456845238093,2,1
0.42922247023809523,0.14220610119047616,3,1
0.28345235188802087,0.6914881751650855,2,4
0.4896763392857143,0.5043712797619048,3,3
0.9042038690476191,0.6255580357142857,5,4
0.5211309705461775,0.5063492002941313,3,3
0.14231145949590773,0.8338790166945684,1,5
0.7405133928571428,0.27139136904761907,4,2
0.001581101190476164,0.9865141369047619,1,5
0.9456380208333334,0.04245721726190477,5,1
0.7005673363095238,0.4303850446428571,4,3
0.9845734550839379,0.01760909670875188,5,1
0.7342354910714286,0.28548177083333337,4,2
0.6737816220238095,0.35598028273809523,4,2
0.44647507440476186,0.4940011160714286,3,3
0.29071422985621864,0.21047625087556388,2,2
0.0892857142857143,0.3214285714285714,1,2
0.47541654677618117,0.13886905851818265,3,1
0.5235770089285714,0.5061848958333333,3,3
0.21842447916666663,0.3589564732142857,2,2
0.6277436755952381,0.34844680059523814,4,2
0.47479538690476186,0.7037760416666667,3,4
0.6197916666666667,0.35639880952380953,4,2
0.9187593005952381,0.9104817708333334,5,5
0.47777157738095233,0.4924665178571429,3,3
0.7721230643136161,0.22490074521019343,4,2
0.7902715773809523,0.47163318452380953,4,3
0.9821428571428571,0.011904761904761862,5,1
0.4950594674973261,0.4942262286231631,3,3
0.5563151041666667,0.9972563244047619,3,5
0.5611049107142857,0.3674665178571429,3,2
0.8642578125,0.5643136160714286,5,3
0.9905257452101934,0.009474254789806569,5,1
0.7515811011904762,0.28413318452380953,4,2
0.6394624255952381,0.5510137648809523,4,3
0.9237816220238095,0.0643136160714286,5,1
0.6769903273809523,0.9361049107142857,4,5
0.8315197172619048,0.04348028273809523,5,1
0.1155133928571429,0.9142485119047619,1,5
0.8385881696428572,0.45307849702380953,5,3
0.07514880952380953,0.9010416666666666,1,5
0.4837301345098586,0.4805555797758556,3,3
0.7370535986764091,0.2819940022059849,4,2
0.9981150854201544,0.013789676484607494,5,1
0.9867063249860492,0.007341294061569914,5,1
0.9166666666666666,0.5,5,3
0.9634951636904762,0.0007905505952381375,5,1
0.9654482886904762,0.022646949404761862,5,1
0.9901786077590216,0.009821392240978444,5,1
0.9535435267857143,0.9452659970238095,5,5
0.5024181547619048,0.49758184523809523,3,3
0.9535435267857143,0.01669456845238093,5,1
0.7839006696428572,0.23990885416666663,4,2
0.4624720982142857,0.13276599702380953,3,1
0.9650297619047619,0.15758932204473586,5,1
0.17657180059523814,0.5198567708333333,1,3
0.9807539440336681,0.0013889131091889828,5,1
0.001581101190476164,0.004371279761904767,1,1
0.9712300981794085,0.004960378011067745,5,1
0.9339657738095238,0.10174851190476186,5,1
0.7392578125,0.3143136160714286,4,2
0.8527715773809523,0.07579985119047616,5,1
0.9717757815406436,0.016319456554594547,5,1
0.8914682297479539,0.4894841512044271,5,3
0.5815197172619048,0.17443266369047616,3,1
0.7515811011904762,0.26627604166666663,4,2
0.7452101934523809,0.05240885416666663,4,1
0.3821149553571429,0.6893136160714286,2,4
0.9416666485014415,0.18333335149855845,5,1
0.8609095982142857,0.1569475446428571,5,1
0.18326822916666663,0.5083240327380952,1,3
0.9271825154622396,0.18591272263299852,5,1
0.29985119047619047,0.296875,2,2
0.3106863839285714,0.6952659970238095,2,4
0.5379464285714286,0.5364583333333333,3,3
0.7438492547898066,0.04186503092447913,4,1
0.8214285714285714,0.22619047619047616,5,2
0.9049107687813895,0.09270831516810829,5,1
0.762023789542062,0.3403571446736654,4,2
0.011672247023809534,0.9942801339285714,1,5
0.7933872767857143,0.20177641369047616,4,2
0.3003627232142857,0.7174944196428572,2,4
0.8710318065824962,0.30753962198893225,5,2
0.9867001488095238,0.007347470238095233,5,1
0.9575427827380952,0.0007905505952381375,5,1
0.966468266078404,0.015674591064453125,5,1
0.8676525297619048,0.8585379464285714,5,5
0.9688430059523809,0.36449032738095233,5,2
0.10386902945382259,0.4050595419747489,1,3
0.9331348964146206,0.16210319882347468,5,1
0.8230096726190477,0.14722842261904767,5,1
0.7436755952380952,0.7056361607142857,4,4
0.9670635405040923,0.27103169759114587,5,2
0.9837239583333334,0.004371279761904767,5,1
0.8655133928571428,0.0987723214285714,5,1
0.9668433779761905,0.003394717261904767,5,1
0.7783668154761905,0.2335379464285714,4,2
0.4671131315685454,0.18169639224097844,3,1
0.9914186114356631,0.31691474006289533,5,2
0.3731863839285714,0.6268136160714286,2,4
0.8634672619047619,0.1127232142857143,5,1
0.5054066975911458,0.7386409214564732,3,4
0.6563430059523809,0.48651413690476186,4,3
0.608234133039202,0.16567457289922805,4,1
0.9518229166666666,0.2862723214285714,5,2
0.8648623511904762,0.13513764880952384,5,1
0.8761625744047619,0.1178850446428571,5,1
0.6527622767857143,0.5793805803571428,4,3
0.5134858630952381,0.4924665178571429,3,3
0.5034877232142857,0.7227027529761905,3,4
0.9913690657842726,0.4431547437395368,5,3
0.7188430059523809,0.32877604166666663,4,2
0.6949404761904762,0.3080357142857143,4,2
0.44345238095238093,0.7529761904761905,3,4
0.25116257440476186,0.2607421875,2,2
0.43866257440476186,0.29348028273809523,3,2
0.8241568065824962,0.13417652675083702,5,1
0.8807198660714286,0.1014229910714286,5,1
0.8625372023809523,0.8755580357142857,5,5
0.9027622767857143,0.22819010416666663,5,2
0.6474144345238095,0.08472842261904767,4,1
0.6083054315476191,0.1714564732142857,4,1
0.8100818452380952,0.2137276785714286,5,2
0.7643229166666666,0.19996279761904767,4,1
0.8759765625,0.5585472470238095,5,3
0.8897619247436523,0.9858928407941546,5,5
0.9807477678571429,0.34663318452380953,5,2
0.8651414598737444,0.3094617752801805,5,2
0.3017578125,0.3053850446428571,2,2
0.7872953869047619,0.2067522321428571,4,2
0.9310360863095238,0.029901413690476164,5,1
0.5932043166387648,0.32048615955171134,3,2
0.7962239583333334,0.22758556547619047,4,2
0.3821149553571429,0.6119326636904762,2,4
0.9885913303920201,0.011408669607979927,5,1
0.17122395833333337,0.6085379464285714,1,4
0.9786086309523809,0.015438988095238138,5,1
0.4395926339285714,0.4967912946428571,3,3
0.6701078869047619,0.3239397321428571,4,2
0.8919735863095238,0.48488653273809523,5,3
0.9658668154761905,0.8257998511904762,5,5
0.5402777535574776,0.7037698654901414,3,4
0.7456287202380952,0.21270461309523814,4,2
0.9565197172619048,0.9899088541666666,5,5
0.7937593005952381,0.7378627232142857,4,4
0.605952399117606,0.10238093421572736,4,1
0.7834821428571428,0.25818452380952384,4,2
0.3855158487955729,0.626388913109189,2,4
0.8235212053571428,0.6247674851190477,5,4
0.32886904761904767,0.7008928571428572,2,4
0.9029482886904762,0.13276599702380953,5,1
0.7571149553571428,0.1178850446428571,4,1
0.6616908482142857,0.38592819940476186,4,2
0.4123015630812872,0.6115079607282365,3,4
0.39527529761904767,0.52734375,2,3
0.8736049107142857,0.42401413690476186,5,3
0.24562872023809523,0.7424665178571428,2,4
0.47678575061616446,0.4815475827171689,3,3
0.8170572916666666,0.18294270833333337,5,1
0.0027778262183779656,0.4198412214006696,1,3
0.7952938988095238,0.5023251488095238,4,3
0.8021825154622396,0.513293675013951,5,3
0.8651878720238095,0.1128627232142857,5,1
0.0433872767857143,0.041062127976190466,1,1
0.13509114583333337,0.8887183779761905,1,5
0.500496092296782,0.5054562886555989,3,3
0.8457961309523809,0.16610863095238093,5,1
0.9862816220238095,0.22205171130952384,5,2
0.9962332589285714,0.31924293154761907,5,2
0.3599702744256883,0.14300591605050228,2,1
0.8968098958333334,0.0972377232142857,5,1
0.9857143220447359,0.008333297002883211,5,1
0.8103143601190477,0.47465587797619047,5,3
0.9908389136904762,0.35439918154761907,5,2
0.6755952380952381,0.32440476190476186,4,2
0.9864087785993304,0.004662649972098198,5,1
0.4293650672549293,0.6363094874790737,3,4
0.8913690476190477,0.1026785714285714,5,1
0.03092447916666663,0.9928850446428571,1,5
0.8950427827380952,0.5573381696428572,5,3
0.7843253726050967,0.20376986549014142,4,2
0.9920138404482887,0.0020337785993304047,5,1
0.24158296130952384,0.48460751488095233,2,3
0.25353422619047616,0.01432291666666663,2,1
0.5009424118768602,0.5079861595517113,3,3
0.9451729910714286,0.06784784226190477,5,1
0.9667038690476191,0.003534226190476164,5,1
0.8112102690197173,0.1471230643136161,5,1
0.6634579613095238,0.34844680059523814,4,2
0.9664713541666666,0.06924293154761907,5,1
0.058965773809523836,0.9291294642857143,1,5
0.8747674851190477,0.1192801339285714,5,1
0.8940197172619048,0.0821707589285714,5,1
0.9161086309523809,0.31008184523809523,5,2
0.8446800595238095,0.7624627976190477,5,4
0.27325148809523814,0.7386532738095238,2,4
0.9994419642857143,0.012462797619047672,5,1
0.9978143601190477,0.01334635416666663,5,1
0.9886067708333334,0.017345610119047672,5,1
0.9845610119047619,0.2952008928571429,5,2
0.4986049107142857,0.23949032738095233,3,2
0.09765625,0.22972470238095233,1,2
0.9787481398809523,0.021251860119047672,5,1
0.9867063249860492,0.02519843691871282,5,1
0.8993055252801805,0.8256944020589193,5,5
0.9420572916666666,0.05199032738095233,5,1
0.8030133928571428,0.20889136904761907,5,2
0.8974144345238095,0.26329985119047616,5,2
0.8383928934733073,0.1913690112885975,5,1
0.49837239583333337,0.5734281994047619,3,3
0.5249720982142857,0.5345517113095238,3,3
0.47735305059523814,0.6059802827380952,3,4
0.6542162214006697,0.2029266357421875,4,2
0.22437686011904767,0.8589564732142857,2,5
0.9729817708333334,0.009161086309523836,5,1
0.9986049107142857,0.019252232142857095,5,1
0.9803292410714286,0.03157552083333337,5,1
0.7839006696428572,0.47205171130952384,4,3
0.8679315476190477,0.31845238095238093,5,2
0.8238467261904762,0.18210565476190477,5,1
0.006324404761904767,0.9996279761904762,1,5
0.009998139880952328,0.07333519345238093,1,1
0.8928571428571429,0.059523809523809534,5,1
0.9495536259242466,0.29211307707287015,5,2
0.8952752976190477,0.07496279761904767,5,1
0.4910714285714286,0.47916666666666663,3,3
0.9446149553571429,0.17443266369047616,5,1
0.9253472827729725,0.021081288655598995,5,1
0.9796781994047619,0.002464657738095233,5,1
0.8825396583193824,0.4091270083472842,5,3
0.6776413690476191,0.12593005952380953,4,1
0.6092262268066406,0.3877975827171689,4,2
0.8706287202380952,0.3853236607142857,5,2
0.9878782847570997,0.014105963328528204,5,1
0.9295479910714286,0.33235677083333337,5,2
0.9743768601190477,0.013718377976190466,5,1
0.6737816220238095,0.32621837797619047,4,2
0.9217262268066406,0.30446424938383554,5,2
0.34937686011904767,0.5256231398809523,2,3
0.0027436755952381375,0.9913039434523809,1,5
0.8638857886904762,0.15992373511904767,5,1
0.1499720982142857,0.8857421875,1,5
0.9220610119047619,0.06603422619047616,5,1
0.5145554315476191,0.4616350446428571,3,3
0.9458705357142857,0.5422247023809523,5,3
0.9426587422688802,0.4382936386835008,5,3
0.10360863095238093,0.12853422619047616,1,1
0.24502418154761907,0.6240234375,2,4
0.9939081101190477,0.1251395089285714,5,1
0.9033729916527158,0.013293675013950845,5,1
0.38988095238095233,0.6279761904761905,2,4
0.8468191964285714,0.7484188988095238,5,4
0.42080543154761907,0.019670758928571397,3,1
0.7630673363095238,0.12978980654761907,4,1
0.9658668154761905,0.3138950892857143,5,2
0.293452399117606,0.6023809342157274,2,4
0.9387648991176062,0.1171875544956753,5,1
0.9735863095238095,0.0026041666666666297,5,1
0.9315476190476191,0.044642857142857095,5,1
0.45363653273809523,0.4808872767857143,3,3
0.7860863095238095,0.01748511904761907,4,1
0.9862816220238095,0.9958612351190477,5,5
0.8880673363095238,0.34407552083333337,5,2
0.7307477678571428,0.0013950892857143016,4,1
0.16703869047619047,0.8448660714285714,1,5
0.008382888067336336,0.9916171119326637,1,5
0.8106863839285714,0.4393136160714286,5,3
0.9118055616106305,0.07033729553222656,5,1
0.27241443452380953,0.7752046130952381,2,4
0.9986049107142857,0.0013950892857143016,5,1
0.4930245535714286,0.49507068452380953,3,3
0.9826543898809523,0.9756789434523809,5,5
0.8732793898809523,0.1148158482142857,5,1
0.7426525297619048,0.19187127976190477,4,1
0.5609188988095238,0.39741443452380953,3,2
0.9563337053571429,0.037713913690476164,5,1
0.8833705357142857,0.2594866071428571,5,2
0.9450334821428571,0.054966517857142905,5,1
0.7438151041666667,0.2799944196428571,4,2
0.4896825154622396,0.48650796072823665,3,3
0.4986049107142857,0.5013950892857143,3,3
0.9003968011765253,0.25436510358537945,5,2
0.667321386791411,0.8009524118332636,4,5
0.9950003623962402,0.002024309975760308,5,1
0.9881945110502697,0.003472191946847114,5,1
0.9182539440336681,0.11746034168061759,5,1
0.9327101934523809,0.24586123511904767,5,2
0.3021825154622396,0.13829367501395085,2,1
0.9980158124651227,0.013888949439639142,5,1
0.9884672619047619,0.005580357142857095,5,1
0.7668340773809523,0.22721354166666663,4,2
0.7277715773809523,0.004371279761904767,4,1
0.17503720238095233,0.5452008928571428,1,3
0.32384672619047616,0.3130580357142857,2,2
0.49945431663876483,0.15530758812313983,3,1
0.8938337053571429,0.4633091517857143,5,3
0.5202752976190477,0.5213913690476191,3,3
0.5724205743698847,0.32638894943963914,3,2
0.49563489641462055,0.4805555797758556,3,3
0.2639881315685454,0.9979166303362165,2,5
0.5164620535714286,0.5013950892857143,3,3
0.4457310267857143,0.0066499255952381375,3,1
0.8863467261904762,0.13151041666666663,5,1
0.9845610119047619,0.009486607142857095,5,1
0.30473400297619047,0.8916945684523809,2,5
0.0160435267857143,0.9780040922619048,1,5
0.6831348964146206,0.3228174845377604,4,2
0.6493210565476191,0.35067894345238093,4,2
0.9148530505952381,0.5077659970238095,5,3
0.9896763392857143,0.004371279761904767,5,1
0.0249720982142857,0.9928850446428571,1,5
0.7047991071428572,0.37258184523809523,4,2
0.7583705357142857,0.25353422619047616,4,2
0.512847173781622,0.22822425478980657,3,2
0.8727678571428572,0.109375,5,1
0.46776789710635236,0.14556548708961126,3,1
0.8707142784481957,0.0840475899832589,5,1
0.8545386904761905,0.2645089285714286,5,2
0.30896577380952384,0.31008184523809523,2,2
0.5551525297619048,0.20079985119047616,3,2
0.9578218005952381,0.0302734375,5,1
0.9921409970238095,0.0019066220238095344,5,1
0.951541991460891,0.03487532479422428,5,1
0.8059895833333334,0.1880580357142857,5,1
0.9390872773670015,0.0013889131091889828,5,1
0.5283668154761905,0.47163318452380953,3,3
0.9265718005952381,0.9246186755952381,5,5
0.6920572916666667,0.23056175595238093,4,2
0.9993024553571429,0.08403087797619047,5,1
0.9743768601190477,0.0375279017857143,5,1
0.9367094494047619,0.18829055059523814,5,1
0.15718005952380953,0.7892485119047619,1,4
0.9111606961204892,0.7406250181652251,5,4
0.02624003092447913,0.9737599690755209,1,5
0.9826543898809523,0.01139322916666663,5,1
0.5741722470238095,0.8067801339285714,3,5
0.8467261904761905,0.1830357142857143,5,1
0.6801587059384301,0.004365103585379448,4,1
0.3111049107142857,0.010323660714285698,2,1
0.9441468375069755,0.15625,5,1
0.7911209833054316,0.23268854050409227,4,2
0.6468098958333333,0.43057105654761907,4,3
0.9182477678571429,0.08770461309523814,5,1
0.1057477678571429,0.7097284226190477,1,4
0.9986049107142857,0.037109375,5,1
0.8301246279761905,0.24725632440476186,5,2
0.1943359375,0.7639973958333334,1,4
0.8869047619047619,0.08333333333333337,5,1
0.1628069196428571,0.44619605654761907,1,3
0.7059151785714286,0.30598958333333337,4,2
0.41369047619047616,0.0625,3,1
0.90297608148484,0.11011904761904767,5,1
0.7243768601190477,0.2339564732142857,4,2
0.1785714285714286,0.8630952380952381,1,5
0.9803292410714286,0.08514694940476186,5,1
0.9187593005952381,0.08310081845238093,5,1
0.979563486008417,0.002579371134440067,5,1
0.9029482886904762,0.013718377976190466,5,1
0.9743768601190477,0.42443266369047616,5,3
0.4981863839285714,0.2518136160714286,3,2
0.8765811011904762,0.2960379464285714,5,2
0.9852182297479539,0.011805579775855612,5,1
0.2481863839285714,0.1089564732142857,2,1
0.6776878720238095,0.2467912946428571,4,2
0.9842758178710938,0.0038194202241443875,5,1
0.33142671130952384,0.03762090773809523,2,1
0.9994419642857143,0.024367559523809534,5,1
0.36170014880952384,0.3942522321428571,2,2
0.9176432291666666,0.10021391369047616,5,1
0.31366257440476186,0.6863374255952381,2,4
0.9867001488095238,0.013299851190476164,5,1
0.1217912946428571,0.0924944196428571,1,1
0.9688430059523809,0.019252232142857095,5,1
0.001581101190476164,0.9865141369047619,1,5
0.9803292410714286,0.07919456845238093,5,1
0.6827101934523809,0.38276599702380953,4,2
0.36723400297619047,0.38871837797619047,2,2
0.49502418154761907,0.5525948660714286,3,3
0.5426432291666667,0.29069010416666663,3,2
0.11723400297619047,0.0375279017857143,1,1
0.03134300595238093,0.9686569940476191,1,5
0.8289262367527119,0.1549609192970216,5,1
0.9186197916666666,0.07542782738095233,5,1
0.6958705357142857,0.5541294642857143,4,3
0.549206324986049,0.2841270083472842,3,2
0.33151971726190477,0.36490885416666663,2,2
0.5105096726190477,0.13234747023809523,3,1
0.8849051339285714,0.08533296130952384,5,1
0.7170139494396391,0.27405747913178946,4,2
0.5666387648809523,0.5583612351190477,3,3
0.8920200892857143,0.24488467261904767,5,2
0.9635881696428571,0.1435546875,5,1
0.7099206107003349,0.30793653215680805,4,2
0.9833054315476191,0.004789806547619069,5,1
0.7077876499720982,0.5362599690755208,4,3
0.9684244791666666,0.007765997023809534,5,1
0.6112816220238095,0.9125279017857143,4,5
0.9981863839285714,0.10300409226190477,5,1
0.9468253907703218,0.0888888949439639,5,1
0.9599144345238095,0.9924665178571429,5,5
0.7069382440476191,0.007347470238095233,4,1
0.2749720982142857,0.7726469494047619,2,4
0.8081287202380952,0.41806175595238093,5,3
0.28478422619047616,0.9116443452380952,2,5
0.9146670386904762,0.35914248511904767,5,2
0.5162096445252298,0.5892325777585816,3,3
0.9599206107003349,0.3317460559663319,5,2
0.9867001488095238,0.007347470238095233,5,1
0.0011625744047618625,0.8143136160714286,1,5
0.994140625,0.029668898809523836,5,1
0.8476686023530506,0.0035218738374256375,5,1
0.8553292410714286,0.11490885416666663,5,1
0.8337053571428572,0.16034226190476186,5,1
0.6352771577380952,0.2400948660714286,4,2
0.8637462797619048,0.3267299107142857,5,2
0.8553292410714286,0.20419456845238093,5,2
0.8880673363095238,0.4750279017857143,5,3
0.47529765537806923,0.3520832970028832,3,2
0.9820436750139508,0.22628965831938241,5,2
0.48135230654761907,0.4948381696428571,3,3
0.9676339285714286,0.0323660714285714,5,1
0.42973400297619047,0.6119326636904762,3,4
0.9994419642857143,0.0005580357142856984,5,1
0.07110305059523814,0.9110398065476191,1,5
0.25413876488095233,0.2696707589285714,2,2
0.7471427917480469,0.23023805164155509,4,2
0.8181268601190477,0.30687313988095233,5,2
0.8877883184523809,0.14197358630952384,5,1
0.9956348964146206,0.004365103585379448,5,1
0.1856863839285714,0.19526599702380953,1,1
0.9301587059384301,0.05793653215680805,5,1
0.5190197172619048,0.2071707589285714,3,2
0.7792162214006697,0.29816473098028273,4,2
0.9331287202380952,0.06687127976190477,5,1
0.46586681547619047,0.29008556547619047,3,2
0.29375930059523814,0.9640531994047619,2,5
0.8874503998529344,0.11135914212181452,5,1
0.9867001488095238,0.0013950892857143016,5,1
0.3466796875,0.6955450148809523,2,4
0.4730159214564732,0.36924598330543157,3,2
0.6444382440476191,0.5519903273809523,4,3
0.399801526750837,0.20734133039202007,2,2
0.7289341517857143,0.0746372767857143,4,1
0.47936503092447913,0.752777826218378,3,4
0.9824404943557012,0.017559505644298756,5,1
0.571924572899228,0.06359127589634483,3,1
0.5993768601190477,0.4839564732142857,3,3
0.19382440476190477,0.9192708333333334,1,5
0.9237816220238095,0.08812313988095233,5,1
0.8362165178571428,0.1459263392857143,5,1
0.8289682297479539,0.3853174845377604,5,2
0.9807539440336681,0.013293675013950845,5,1
0.9364583605811709,0.06473209744408015,5,1
0.7719959077380952,0.4125279017857143,4,3
0.9637400309244791,0.024355207170758897,5,1
0.22777157738095233,0.849609375,2,5
0.9941468011765253,0.0028770083472842156,5,1
0.13253965831938241,0.9805555797758556,1,5
0.698015848795573,0.3317460559663319,4,2
0.8821149553571429,0.23693266369047616,5,2
0.9986049107142857,0.007347470238095233,5,1
0.977232161022368,0.010863077072870153,5,1
0.9718191964285714,0.034133184523809534,5,1
0.7801339285714286,0.26153273809523814,4,2
0.5745536259242466,0.3337797437395368,3,2
0.5738467261904762,0.4202008928571429,3,3
0.6807570684523809,0.3251953125,4,2
0.019810267857142905,0.998046875,1,5
0.9825148809523809,0.011532738095238138,5,1
0.24702380952380953,0.24702380952380953,2,2
0.7613467261904762,0.3219866071428571,4,2
0.7837146577380952,0.21628534226190477,4,2
0.9688430059523809,0.0013950892857143016,5,1
0.9786086309523809,0.10472470238095233,5,1
0.4896825154622396,0.15912700834728422,3,1
0.49479166666666663,0.49627976190476186,3,3
0.44800967261904767,0.6769903273809523,3,4
0.2086309705461774,0.7973214104062035,2,4
0.9607514880952381,0.015438988095238138,5,1
0.9985119047619048,0.0014880952380952328,5,1
0.5117063976469494,0.9823412214006696,3,5
0.8646825154622396,0.2305555797758556,5,2
0.7489769345238095,0.25102306547619047,4,2
0.9118768601190477,0.28455171130952384,5,2
0.8859747023809523,0.26878720238095233,5,2
0.6589006696428572,0.40062313988095233,4,3
0.38039434523809523,0.0005580357142856984,2,1
0.8940197172619048,0.7071707589285714,5,4
0.022925967261904767,0.9551246279761905,1,5
0.9842354910714286,0.29738653273809523,5,2
0.18759918212890625,0.08918653215680805,1,1
0.8081348964146206,0.6978174845377605,5,4
0.8825334821428571,0.1174665178571429,5,1
0.9945591517857143,0.005440848214285698,5,1
0.21111115955171134,0.8007936023530506,2,5
0.9845610119047619,0.14043898809523814,5,1
0.7515872773670015,0.2781746273949033,4,2
0.22805059523809523,0.9624255952380952,2,5
0.7515811011904762,0.5638950892857143,4,3
0.37146577380952384,0.1166294642857143,2,1
0.9658668154761905,0.05199032738095233,5,1
0.9208054315476191,0.06133742559523814,5,1
0.4937220982142857,0.6134207589285714,3,4
0.15420386904761907,0.38746279761904767,1,2
0.4916294642857143,0.48456101190476186,3,3
0.7501488640194848,0.6105654580252511,4,4
0.6914527529761905,0.3204520089285714,4,2
0.4786705743698847,0.7028770446777344,3,4
0.5190197172619048,0.46907552083333337,3,3
0.7098509924752372,0.31770810626801993,4,2
0.5328311011904762,0.2290736607142857,3,2
0.25241815476190477,0.9499627976190477,2,5
0.004045758928571397,0.41262090773809523,1,3
0.8706287202380952,0.099609375,5,1
0.9956287202380952,0.010323660714285698,5,1
0.7039155505952381,0.29013206845238093,4,2
0.0881696428571429,0.43563988095238093,1,3
0.2218191964285714,0.7841331845238095,2,4
0.9867063249860492,0.0013889131091889828,5,1
0.5164620535714286,0.013299851190476164,3,1
0.9767950148809523,0.028041294642857095,5,1
0.7009858630952381,0.36449032738095233,4,2
0.9588913690476191,0.29110863095238093,5,2
0.997718266078404,0.0022817339215960297,5,1
0.8230096726190477,0.26627604166666663,5,2
0.1420635041736421,0.006746019635881728,1,1
0.5582217261904762,0.7989211309523809,3,4
0.44205729166666663,0.5579427083333333,3,3
0.5149801345098586,0.11894843691871282,3,1
0.7843191964285714,0.06687127976190477,4,1
0.4677734375,0.5619884672619048,3,3
0.13062686011904767,0.8634207589285714,1,5
0.9909319196428571,0.0031156994047618625,5,1
0.9622860863095238,0.05557105654761907,5,1
0.9654482886904762,0.01669456845238093,5,1
0.9535435267857143,0.05836123511904767,5,1
0.8848586309523809,0.16276041666666663,5,1
0.9932539803641183,0.0007936386835007969,5,1
0.9926525297619048,0.019252232142857095,5,1
0.9177362351190477,0.0941685267857143,5,1
0.5472935267857143,0.06580171130952384,3,1
0.004563467843191948,0.9894841512044271,1,5
0.6117001488095238,0.12044270833333337,4,1
0.5505952380952381,0.27083333333333337,3,2
0.9242001488095238,0.10556175595238093,5,1
0.9875837053571429,0.006463913690476164,5,1
0.1321149553571429,0.8262183779761905,1,5
0.9807477678571429,0.31091889880952384,5,2
0.47777157738095233,0.474609375,3,3
0.5788690476190477,0.37351190476190477,3,2
0.38848586309523814,0.5936569940476191,2,3
0.9333333514985585,0.16785712469191783,5,1
0.2928292410714286,0.6000279017857143,2,4
0.4807477678571429,0.0013950892857143016,3,1
0.9237816220238095,0.07026599702380953,5,1
0.2585100446428571,0.7355375744047619,2,4
0.09384300595238093,0.12044270833333337,1,1
0.7494419642857143,0.22674851190476186,4,2
0.23456101190476186,0.7654389880952381,2,4
0.9667038690476191,0.3130580357142857,5,2
0.6596230098179409,0.31359127589634483,4,2
0.9722222827729725,0.009920574369884694,5,1
0.7808314732142857,0.4870256696428571,4,3
0.7426525297619048,0.32877604166666663,4,2
0.899107161022368,0.5235118865966797,5,3
0.6715277717227027,0.4147817520868211,4,3
0.6047247023809523,0.37741815476190477,4,2
0.8170635132562547,0.17698410579136437,5,1
0.5586402529761905,0.3539341517857143,3,2
0.8557477678571428,0.2692522321428571,5,2
0.19737098330543157,0.7431052071707589,1,4
0.8715122767857143,0.25944010416666663,5,2
0.4926060267857143,0.5073939732142857,3,3
0.5190197172619048,0.32026599702380953,3,2
0.9475911458333334,0.034551711309523836,5,1
0.9967912946428571,0.009161086309523836,5,1
0.5849144345238095,0.29008556547619047,3,2
0.9736111050560361,0.006944474719819516,5,1
0.9420572916666666,0.09365699404761907,5,1
0.8893229166666666,0.17615327380952384,5,1
0.6737816220238095,0.4214564732142857,4,3
0.70703125,0.32273065476190477,4,2
0.942063467843192,0.21865081787109375,5,2
0.5949125744047619,0.8038969494047619,3,5
0.9837239583333334,0.010323660714285698,5,1
0.23330543154761907,0.5464564732142857,2,3
0.5995628720238095,0.013532366071428603,3,1
0.9786086309523809,0.7535342261904762,5,4
0.9833054315476191,0.5166945684523809,5,3
0.9659598214285714,0.1947544642857143,5,1
0.829513913109189,0.8371527535574776,5,5
0.9929315476190477,0.04278273809523814,5,1
0.7860863095238095,0.31510416666666663,4,2
0.8417038690476191,0.17615327380952384,5,1
0.7809244791666666,0.25478980654761907,4,2
0.9708581424894787,0.031125999632335866,5,1
0.4093191964285714,0.22758556547619047,3,2
0.8893229166666666,0.48567708333333337,5,3
0.9627976190476191,0.03125,5,1
0.9696924118768602,0.006498064313616103,5,1
0.5343253726050967,0.4835317702520461,3,3
0.3205853416806176,0.13774799165271578,2,1
0.7694382440476191,0.24841889880952384,4,2
0.5462239583333333,0.40615699404761907,3,3
0.46842447916666663,0.4482421875,3,3
0.7532738276890346,0.12172617231096539,4,1
0.8151506696428572,0.3634207589285714,5,2
0.5944475446428572,0.41745721726190477,3,3
0.9981863839285714,0.06133742559523814,5,1
0.7303292410714286,0.15657552083333337,4,1
0.14880952380952384,0.0892857142857143,1,1
0.3327380589076451,0.3220238458542597,2,2
0.9756324404761905,0.0005580357142856984,5,1
0.16646830240885413,0.0537697928292411,1,1
0.23330543154761907,0.7666945684523809,2,4
0.01399739583333337,0.9938151041666666,1,5
0.5636625744047619,0.47800409226190477,3,3
0.9161086309523809,0.07793898809523814,5,1
0.9409412202380952,0.053106398809523836,5,1
0.6529482886904762,0.5910993303571428,4,3
0.97265625,0.16424851190476186,5,1
0.9753999255952381,0.0484095982142857,5,1
0.38509114583333337,0.9303850446428571,2,5
0.9325396219889323,0.06746037801106775,5,1
0.9701388676961263,0.018948464166550383,5,1
0.8999720982142857,0.3500279017857143,5,2
0.6916666485014415,0.3916666848318917,4,2
0.1612723214285714,0.8327752976190477,1,5
0.9208054315476191,0.3053850446428571,5,2
0.9119047437395368,0.09404763721284415,5,1
0.6241164434523809,0.28845796130952384,4,2
0.5917038690476191,0.34281994047619047,3,2
0.03515625,0.96484375,1,5
0.960267838977632,0.9921131134033203,5,5
0.7469308035714286,0.2530691964285714,4,2
0.6291387648809523,0.7041945684523809,4,4
0.9915829613095238,0.008417038690476164,5,1
0.9432198660714286,0.2889229910714286,5,2
0.9743768601190477,0.2339564732142857,5,2
0.9845610119047619,0.19996279761904767,5,1
0.9896763392857143,0.01627604166666663,5,1
0.9905133928571429,0.003534226190476164,5,1
0.9622022992088681,0.33214292072114493,5,2
0.9807477678571429,0.23949032738095233,5,2
0.6184895833333333,0.4112723214285714,4,3
0.9873046875,0.0007905505952381375,5,1
0.6717354910714286,0.41941034226190477,4,3
0.9861110505603609,0.0019841875348772797,5,1
0.8872767857142857,0.9460565476190477,5,5
0.49758184523809523,0.18098958333333337,3,1
0.8354167029971168,0.444345201764788,5,3
0.3289620535714286,0.7305617559523809,2,4
0.9964657738095238,0.003534226190476164,5,1
0.9862103235153925,0.004861105056036097,5,1
0.9935019356863839,0.0005456833612351719,5,1
0.9565197172619048,0.03157552083333337,5,1
0.5154389880952381,0.032180059523809534,3,1
0.011346726190476164,0.9707961309523809,1,5
0.42080543154761907,0.49586123511904767,3,3
0.9364286150251117,0.08261907668340773,5,1
0.0029761904761904656,0.9970238095238095,1,5
0.7090773809523809,0.1361607142857143,4,1
0.4450334821428571,0.9240141369047619,3,5
0.9608909970238095,0.07482328869047616,5,1
0.10160900297619047,0.8849981398809523,1,5
0.23628162202380953,0.13871837797619047,2,1
0.14699590773809523,0.9660993303571429,1,5
0.8344959077380952,0.25478980654761907,5,2
0.1856863839285714,0.1714564732142857,1,1
0.5670572916666667,0.6829427083333333,3,4
0.40718005952380953,0.46186755952380953,3,3
0.9250991457984561,0.14335323515392484,5,1
0.7420479910714286,0.09128534226190477,4,1
0.7783668154761905,0.3406808035714286,4,2
0.9938095183599562,0.0014285587129139188,5,1
0.7694382440476191,0.6234188988095238,4,4
0.805357161022368,0.25803565979003906,5,2
0.7792038690476191,0.5541294642857143,4,3
0.7277715773809523,0.099609375,4,1
0.9564267113095238,0.0316685267857143,5,1
0.9569382440476191,0.025204613095238138,5,1
0.19024367559523814,0.9585658482142857,1,5
0.8077101934523809,0.0018136160714286031,5,1
0.9700055803571429,0.029994419642857095,5,1
0.9271825154622396,0.013293675013950845,5,1
0.6068173363095238,0.38723028273809523,4,2
0.5218253362746466,0.4900794256301153,3,3
0.9293619791666666,0.02822730654761907,5,1
0.8533761160714286,0.37281436011904767,5,2
0.8446924118768602,0.4529266357421875,5,3
0.7511625744047619,0.30836123511904767,4,2
0.7467912946428572,0.14011346726190477,4,1
0.6057477678571428,0.162109375,4,1
0.8700241815476191,0.35021391369047616,5,2
0.9356863839285714,0.08812313988095233,5,1
0.6825396219889324,0.4365079970586867,4,3
0.7467912946428572,0.1996372767857143,4,1
0.9726686023530506,0.9916171119326637,5,5
0.8005952380952381,0.1339285714285714,5,1
0.9414527529761905,0.06449962797619047,5,1
0.7712053571428572,0.2109375,4,2
0.8815104166666666,0.053013392857142905,5,1
0.9794456845238095,0.06817336309523814,5,1
0.1142578125,0.8857421875,1,5
0.8702101934523809,0.1535993303571429,5,1
0.4840475718180338,0.5528570810953777,3,3
0.43452380952380953,0.7440476190476191,3,4
0.7023809523809523,0.08333333333333337,4,1
0.41187686011904767,0.8916945684523809,3,5
0.6600167410714286,0.38760230654761907,4,2
0.7851686023530506,0.2564980643136161,4,2
0.1110491071428571,0.8770461309523809,1,5
0.9764285314650762,0.46458335149855845,5,3
0.9994419642857143,0.00651041666666663,5,1
0.04598217918759295,0.1266368684314546,1,1
0.8249008542015439,0.10962295532226562,5,1
0.3148809614635649,0.16130951472691124,2,1
0.1499720982142857,0.8976469494047619,1,5
0.8642578125,0.30240885416666663,5,2
0.5628720238095238,0.4430803571428571,3,3
0.7016834077380952,0.3935546875,4,2
0.4876922198704311,0.32381573177519296,3,2
0.7706008184523809,0.0210658482142857,4,1
0.9833054315476191,0.028599330357142905,5,1
0.4784722101120722,0.47390874226888025,3,3
0.43098958333333337,0.46781994047619047,3,3
0.5099051339285714,0.5198567708333333,3,3
0.9131324404761905,0.5868675595238095,5,3
0.6172340029761905,0.22205171130952384,4,2
0.9770237822958396,0.5018547674358619,5,3
0.29375930059523814,0.17238653273809523,2,1
0.00944010416666663,0.9965122767857143,1,5
0.9428943452380952,0.0987723214285714,5,1
0.9889787946428571,0.9931640625,5,5
0.9752604166666666,0.048549107142857095,5,1
0.29027157738095233,0.6085379464285714,2,4
0.45991443452380953,0.8377046130952381,3,5
0.8075241815476191,0.3293805803571429,5,2
0.5045572916666667,0.5073474702380952,3,3
0.9986049107142857,0.15020461309523814,5,1
0.9309895833333334,0.0809151785714286,5,1
0.7589285714285714,0.27083333333333337,4,2
0.7425595238095238,0.23958333333333337,4,2
0.9996527717227027,0.03467260088239399,5,1
0.6633649553571428,0.37830171130952384,4,2
0.4133649553571429,0.009254092261904767,3,1
0.002418154761904767,0.41424851190476186,1,3
0.6582496279761905,0.34770275297619047,4,2
0.7248015630812872,0.20376986549014142,4,2
0.9212797255743117,0.007291702997116789,5,1
0.03743489583333337,0.34463355654761907,1,2
0.9926525297619048,0.0013950892857143016,5,1
0.47063491457984563,0.053174609229678205,3,1
0.8417038690476191,0.17615327380952384,5,1
0.5168340773809523,0.185546875,3,1
0.16016860235305064,0.37554568336123517,1,2
0.5874999818347749,0.8351190657842726,3,5
0.8774181547619048,0.1344866071428571,5,1
0.9789341517857143,0.009161086309523836,5,1
0.9599144345238095,0.08770461309523814,5,1
0.42420014880952384,0.05199032738095233,3,1
0.6069444928850447,0.2323412214006696,4,2
0.01051584879557288,0.3049603416806176,1,2
0.9926587059384301,0.0013889131091889828,5,1
0.6856863839285714,0.30240885416666663,4,2
0.9628968011765253,0.007341294061569914,5,1
0.5520833333333333,0.013392857142857095,3,1
0.8390531994047619,0.6549944196428572,5,4
0.5666387648809523,0.7428850446428572,3,4
0.7724144345238095,0.32877604166666663,4,2
0.8788690112885975,0.1389881315685454,5,1
0.9807477678571429,0.0013950892857143016,5,1
0.5167162758963448,0.35233134315127423,3,2
0.9684244791666666,0.013718377976190466,5,1
0.9922340029761905,0.1089564732142857,5,1
0.13006882440476186,0.9015531994047619,1,5
0.39197358630952384,0.40155319940476186,2,3
0.9994419642857143,0.024367559523809534,5,1
0.8200396583193824,0.16210319882347468,5,1
0.9875372023809523,0.0005580357142856984,5,1
0.3821149553571429,0.3857421875,2,2
0.9634951636904762,0.0007905505952381375,5,1
0.4910714285714286,0.0029761904761904656,3,1
0.8553292410714286,0.33514694940476186,5,2
0.5015811011904762,0.49841889880952384,3,3
0.962890625,0.0728236607142857,5,1
0.9148530505952381,0.18633742559523814,5,1
0.17242068336123517,0.559722173781622,1,3
0.9815848214285714,0.0005580357142856984,5,1
0.7452101934523809,0.24883742559523814,4,2
0.48609561011904767,0.4900948660714286,3,3
0.7283761160714286,0.2716238839285714,4,2
0.9994419642857143,0.28031994047619047,5,2
0.6295572916666667,0.40615699404761907,4,3
0.8374720982142857,0.37086123511904767,5,2
0.5711030505952381,0.22651599702380953,3,2
0.21823846726190477,0.21033296130952384,2,2
0.18313489641462055,0.9299603416806176,1,5
0.9626488458542597,0.31116067795526414,5,2
0.8134765625,0.18057105654761907,5,1
0.8761625744047619,0.022646949404761862,5,1
0.5946800595238095,0.6612723214285714,3,4
0.9777281624930245,0.004414694649832573,5,1
0.9986049107142857,0.9894903273809523,5,5
0.2932539440336681,0.32579367501395085,2,2
0.9475911458333334,0.07026599702380953,5,1
0.9961309887114025,0.0005952744256882969,5,1
0.9867001488095238,0.0013950892857143016,5,1
0.9229662758963448,0.05917658124651226,5,1
0.01943824404761907,0.48056175595238093,1,3
0.6953125,0.37016369047619047,4,2
0.8315197172619048,0.26371837797619047,5,2
0.6053292410714286,0.3232421875,4,2
0.4164341517857143,0.5716610863095238,3,3
0.9747953869047619,0.007347470238095233,5,1
0.8750991821289062,0.09216272263299852,5,1
0.910813467843192,0.05049605596633189,5,1
0.012416294642857095,0.017345610119047672,1,1
0.8893352690197173,0.1404266357421875,5,1
0.5033482142857143,0.5085565476190477,3,3
0.7289341517857143,0.30082775297619047,4,2
0.9871651785714286,0.0009300595238095344,5,1
0.9924200148809523,0.5377139136904762,5,3
0.9906746092296782,0.3486111050560361,5,2
0.7849237351190477,0.0007905505952381375,4,1
0.6712239583333333,0.2513950892857143,4,2
0.8765872773670015,0.11150796072823665,5,1
0.97265625,0.19401041666666663,5,1
0.47123009817940853,0.46924609229678205,3,3
0.021995907738095233,0.9601469494047619,1,5
0.9369419642857143,0.6285342261904762,5,4
0.7426587059384301,0.03115081787109375,4,1
0.6708054315476191,0.31133742559523814,4,2
0.7271670386904762,0.4454520089285714,4,3
0.22599211193266366,0.7799602690197173,2,4
0.9864676339285714,0.7397228422619048,5,4
0.9594959077380952,0.01669456845238093,5,1
0.9951171875,0.0048828125,5,1
0.7545572916666666,0.2513950892857143,4,2
0.8081287202380952,0.22163318452380953,5,2
0.9182539440336681,0.05793653215680805,5,1
0.6767578125,0.6744326636904762,4,4
0.7764601934523809,0.5628255208333333,4,3
0.510515848795573,0.501388913109189,3,3
0.7426525297619048,0.9894903273809523,4,5
0.1069444928850446,0.6966269356863839,1,4
0.8122674851190477,0.1817801339285714,5,1
0.7610677083333334,0.32821800595238093,4,2
0.9994419642857143,0.00651041666666663,5,1
0.7887834821428572,0.21716889880952384,4,2
0.6499720982142857,0.3500279017857143,4,2
0.6678292410714286,0.3321707589285714,4,2
0.9975353422619048,0.16317894345238093,5,1
0.8940197172619048,0.08812313988095233,5,1
0.9386625744047619,0.04348028273809523,5,1
0.2396763392857143,0.974609375,2,5
0.9815848214285714,0.0005580357142856984,5,1
0.0357142857142857,0.7797619047619048,1,4
0.24861108689081102,0.2573412940615699,2,2
0.5019996279761905,0.49800037202380953,3,3
0.1873016357421875,0.1341269356863839,1,1
0.0009765625,0.7668805803571428,1,4
0.7426525297619048,0.5132998511904762,4,3
0.7307477678571428,0.007347470238095233,4,1
0.9726097470238095,0.7000093005952381,5,4
0.5188491457984561,0.5228175208682105,3,3
0.7134951636904762,0.6972191220238095,4,4
0.0024305071149554047,0.009474254789806569,1,1
0.010509672619047672,0.007347470238095233,1,1
0.9952101934523809,0.034551711309523836,5,1
0.3927579153151739,0.6499008451189314,2,4
0.8289682297479539,0.15912700834728422,5,1
0.9283730643136161,0.27400788806733634,5,2
0.7094959077380952,0.5643136160714286,4,3
0.8027777898879278,0.01865078154064359,5,1
0.013492039271763345,0.23650796072823665,1,2
0.3938337053571429,0.5879371279761905,2,3
0.5878968011765253,0.4180555797758556,3,3
0.9919084821428571,0.3348214285714286,5,2
0.5184224446614583,0.5213390531994048,3,3
0.7769717261904762,0.6932663690476191,4,4
0.9807477678571429,0.007347470238095233,5,1
0.8672340029761905,0.0018136160714286031,5,1
0.8583054315476191,0.1535993303571429,5,1
0.9862816220238095,0.06728980654761907,5,1
0.7039620535714286,0.3138950892857143,4,2
0.7104259672619048,0.5116722470238095,4,3
0.8255673363095238,0.32919456845238093,5,2
0.32649739583333337,0.1396484375,2,1
0.5551587059384301,0.3912698654901414,3,2
0.5411209833054316,0.8695933024088541,3,5
0.15515872410365517,0.8388888949439639,1,5
0.4994419642857143,0.5243675595238095,3,3
0.6842912946428572,0.2085658482142857,4,2
0.8122674851190477,0.41987537202380953,5,3
0.6006324404761905,0.3934151785714286,4,2
0.45740327380952384,0.5366443452380952,3,3
0.8324497767857143,0.30631510416666663,5,2
0.7758091517857143,0.2241908482142857,4,2
0.6815476190476191,0.44345238095238093,4,3
0.9890718005952381,0.004975818452380931,5,1
0.9965122767857143,0.3037109375,5,2
0.025390625,0.01627604166666663,1,1
0.7250744047619048,0.5249255952380952,4,3
0.19694010416666663,0.08877418154761907,1,1
0.9712146577380952,0.004975818452380931,5,1
0.9836774553571429,0.010370163690476164,5,1
0.31789434523809523,0.7237723214285714,2,4
0.9732142857142857,0.2053571428571429,5,2
0.5015811011904762,0.5162760416666667,3,3
0.9807477678571429,0.0013950892857143016,5,1
0.7598586309523809,0.31156994047619047,4,2
0.006463913690476164,0.9935360863095238,1,5
0.8899801345098586,0.6278770083472842,5,4
0.7896824791317895,0.1686508542015439,4,1
0.9696924118768602,0.0005456833612351719,5,1
0.7605096726190477,0.04901413690476186,4,1
0.4569444202241444,0.6442460559663319,3,4
0.9593098958333334,0.028785342261904767,5,1
0.37124988010951454,0.14779762994675405,2,1
0.9807477678571429,0.0013950892857143016,5,1
0.5581348964146206,0.5609127226329985,3,3
0.8893229166666666,0.39043898809523814,5,2
0.8170572916666666,0.14722842261904767,5,1
0.7426525297619048,0.20972842261904767,4,2
0.40452938988095233,0.2978515625,3,2
0.8446800595238095,0.32793898809523814,5,2
0.15452938988095233,0.8157087053571428,1,5
0.0611049107142857,0.8674665178571428,1,5
0.5325055803571428,0.5270182291666667,3,3
0.7932477678571428,0.09365699404761907,4,1
0.985515866960798,0.00853175208682111,5,1
0.5908668154761905,0.46270461309523814,3,3
0.9355003720238095,0.9573567708333334,5,5
0.9628968011765253,0.007341294061569914,5,1
0.7212146577380952,0.12997581845238093,4,1
0.9807477678571429,0.013299851190476164,5,1
0.06789434523809523,0.9618675595238095,1,5
0.8864862351190477,0.5242280505952381,5,3
0.02539680117652532,0.8972222464425224,1,5
0.9071924118768602,0.43804568336123517,5,3
0.04264322916666663,0.2847377232142857,1,2
0.11848958333333337,0.8517485119047619,1,5
0.9634951636904762,0.0007905505952381375,5,1
0.10575394403366811,0.2573412940615699,1,2
0.9236886160714286,0.11797805059523814,5,1
0.9297340029761905,0.37978980654761907,5,2
0.7781808035714286,0.14443824404761907,4,1
0.16229538690476186,0.07579985119047616,1,1
0.005045571826575945,0.01764741854999008,1,1
0.9658668154761905,0.2781808035714286,5,2
0.7154482886904762,0.3143136160714286,4,2
0.5487816220238095,0.5047898065476191,3,3
0.11949407486688524,0.04985114506312782,1,1
0.011359078543526802,0.9826885405040923,1,5
0.48330543154761907,0.10598028273809523,3,1
0.9884672619047619,0.9996279761904762,5,5
0.7148902529761905,0.23042224702380953,4,2
0.8761625744047619,0.19526599702380953,5,1
0.7307539440336681,0.2751984369187128,4,2
0.9946056547619048,0.0887276785714286,5,1
0.9554563249860492,0.011805579775855612,5,1
0.7759021577380952,0.7973865327380952,4,4
0.9658668154761905,0.0460379464285714,5,1
0.9128999255952381,0.0930524553571429,5,1
0.7094959077380952,0.3678850446428571,4,2
0.9599144345238095,0.16508556547619047,5,1
0.9837239583333334,0.1531808035714286,5,1
0.8755952925909136,0.299404707409087,5,2
0.7932477678571428,0.0817522321428571,4,1
0.9907459077380952,0.003301711309523836,5,1
0.25632440476190477,0.49962797619047616,2,3
0.9941468011765253,0.07132938929966515,5,1
0.9837239583333334,0.010323660714285698,5,1
0.009905133928571397,0.007952008928571397,1,1
0.9658729916527158,0.15317462739490328,5,1
0.9872520083472842,0.0038194202241443875,5,1
0.8922991071428571,0.39936755952380953,5,2
0.8909505208333334,0.10904947916666663,5,1
0.6750372023809523,0.36067708333333337,4,2
0.06705729166666663,0.8138950892857143,1,5
0.842361086890811,0.17251986549014142,5,1
0.400390625,0.5877046130952381,3,3
0.007936568487258211,0.962301526750837,1,5
0.7615792410714286,0.2562779017857143,4,2
0.8021763392857143,0.2692522321428571,5,2
0.7589285714285714,0.07440476190476186,4,1
0.9607638404482887,0.08090282621837797,5,1
0.8289620535714286,0.5460379464285714,5,3
0.9688430059523809,0.025204613095238138,5,1
0.0005115327380952328,0.9935360863095238,1,5
0.5785435267857143,0.3678850446428571,3,2
0.757886909303211,0.4171130997794015,4,3
0.41527157738095233,0.6144903273809523,3,4
0.008696056547619069,0.9853515625,1,5
0.9801789692470005,0.007917086283365848,5,1
0.9833054315476191,0.0107421875,5,1
0.5251581101190477,0.4275948660714286,3,3
0.7951543898809523,0.21675037202380953,4,2
0.9878627232142857,0.00618489583333337,5,1
0.3385881696428571,0.5899832589285714,2,3
0.027948288690476164,0.9601469494047619,1,5
0.004345212663922959,0.9795832861037481,1,5
0.4831194196428571,0.49307105654761907,3,3
0.9747953869047619,0.0013950892857143016,5,1
0.8819289434523809,0.04069010416666663,5,1
0.8744419642857143,0.0005580357142856984,5,1
0.48456101190476186,0.003534226190476164,3,1
0.9594959077380952,0.022646949404761862,5,1
0.7167038690476191,0.8963913690476191,4,5
0.8869512648809523,0.021530877976190466,5,1
0.8081348964146206,0.8049603416806176,5,5
0.7452101934523809,0.4214564732142857,4,3
0.8974144345238095,0.0013950892857143016,5,1
0.006463913690476164,0.017345610119047672,1,1
0.6827101934523809,0.8887183779761905,4,5
0.9807477678571429,0.0013950892857143016,5,1
0.6890811011904762,0.47163318452380953,4,3
0.8179066975911459,0.42018854050409227,5,3
0.7624162946428572,0.2554408482142857,4,2
0.5164682297479539,0.5609127226329985,3,3
0.9932570684523809,0.0126953125,5,1
0.8030133928571428,0.22079613095238093,5,2
0.8703762860525222,0.2767325526192075,5,2
0.6828570592971075,0.36595235552106586,4,2
0.5162202744256883,0.0016368684314546078,3,1
0.7808314732142857,0.20726376488095233,4,2
0.9807539440336681,0.019246055966331888,5,1
0.9867063249860492,0.007341294061569914,5,1
0.6648530505952381,0.16848028273809523,4,1
0.7039682297479539,0.19484129406156991,4,1
0.8497953869047619,0.1442522321428571,5,1
0.9093191964285714,0.162109375,5,1
0.9845610119047619,0.015438988095238138,5,1
0.6380673363095238,0.43336123511904767,4,3
0.6671627589634487,0.13640866960797993,4,1
0.8000991457984561,0.21478180658249624,5,2
0.4521484375,0.10737537202380953,3,1
0.7149305797758556,0.4785218011765253,4,3
0.4587053571428571,0.06510416666666663,3,1
0.9399181547619048,0.06008184523809523,5,1
0.1589006696428571,0.13276599702380953,1,1
0.8468750090826125,0.4045139040265765,5,3
0.7749720982142857,0.3143136160714286,4,2
0.8623015994117373,0.3222222101120722,5,2
0.9390811011904762,0.28115699404761907,5,2
0.30302574521019343,0.5064980643136161,2,3
0.512847173781622,0.5079861595517113,3,3
0.8248697916666666,0.15132068452380953,5,1
0.6928943452380952,0.7416294642857143,4,4
0.9735863095238095,0.026413690476190466,5,1
0.9301587059384301,0.04603177025204608,5,1
0.5143229166666667,0.48567708333333337,3,3
0.698313486008417,0.30466270446777344,4,2
0.9912697928292411,0.0027778262183779656,5,1
0.4896763392857143,0.7067522321428572,3,4
0.9905133928571429,0.9975818452380952,5,5
0.996825445265997,0.009126935686383897,5,1
0.9140625,0.07403273809523814,5,1
0.9805152529761905,0.04961867559523814,5,1
0.9919642493838355,0.0020833696637835297,5,1
0.2575334821428571,0.1174665178571429,2,1
0.9837301345098586,0.4031746273949033,5,3
0.20693824404761907,0.08472842261904767,2,1
0.8000372023809523,0.5749627976190477,5,3
0.6969246637253534,0.11855152675083702,4,1
0.9964285350981212,0.015476226806640625,5,1
0.7858631497337705,0.8069940294538225,4,5
0.5100911458333333,0.48990885416666663,3,3
0.05812872023809523,0.9478236607142857,1,5
0.0014880952380952328,0.1830357142857143,1,1
0.7446056547619048,0.32682291666666663,4,2
0.9789341517857143,0.015113467261904767,5,1
0.8125,0.18154761904761907,5,1
0.45309511820475257,0.4052381061372303,3,3
0.9797247023809523,0.020275297619047672,5,1
0.5224144345238095,0.5192522321428572,3,3
0.9926525297619048,0.013299851190476164,5,1
0.3821149553571429,0.6595517113095238,2,4
0.9118768601190477,0.1357421875,5,1
0.5719401041666667,0.35663132440476186,3,2
0.008975074404761862,0.014834449404761862,1,1
0.8003627232142857,0.8305896577380952,5,5
0.1194196428571429,0.35081845238095233,1,2
0.2292131696428571,0.6279296875,2,4
0.9896763392857143,0.12341889880952384,5,1
0.5042659214564732,0.5225197928292411,3,3
0.9935019356863839,0.0005456833612351719,5,1
0.6920107886904762,0.29013206845238093,4,2
0.8825334821428571,0.11151413690476186,5,1
0.46884300595238093,0.5252046130952381,3,3
0.9867001488095238,0.9954427083333334,5,5
0.42206101190476186,0.6493675595238095,3,4
0.6465773809523809,0.5796130952380952,4,3
0.6649802071707589,0.1743055071149554,4,1
0.0912202653430757,0.09449400220598492,1,1
0.6676432291666667,0.6597377232142857,4,4
0.8283110119047619,0.3978794642857143,5,2
0.34765625,0.6821056547619048,2,4
0.9720052083333334,0.9922805059523809,5,5
0.001581101190476164,0.9865141369047619,1,5
0.5354817708333333,0.2799944196428571,3,2
0.9773530505952381,0.0464564732142857,5,1
0.6908482142857143,0.01748511904761907,4,1
0.8982638404482887,0.0957837785993304,5,1
0.22735305059523814,0.7190755208333333,2,4
0.8765811011904762,0.099609375,5,1
0.8866722470238095,0.1014229910714286,5,1
0.9934895833333334,0.00651041666666663,5,1
0.8118303843906948,0.14293157486688524,5,1
0.992609114873977,0.0014385041736421078,5,1
0.9652622767857143,0.11211867559523814,5,1
0.8327752976190477,0.18508184523809523,5,1
0.020275297619047672,0.9440104166666666,1,5
0.45149739583333337,0.8479817708333334,3,5
0.007533482142857095,0.9865141369047619,1,5
0.5075334821428572,0.9984188988095238,3,5
0.20991443452380953,0.9984188988095238,2,5
0.4864087785993304,0.0016864594959077328,3,1
0.9832124255952381,0.9989304315476191,5,5
0.962890625,0.013299851190476164,5,1
0.36714099702380953,0.03762090773809523,2,1
0.8033389136904762,0.44666108630952384,5,3
0.9990699404761905,0.012834821428571397,5,1
0.44549851190476186,0.5783110119047619,3,3
0.6384858630952381,0.599609375,4,3
0.904523804074242,0.09666665395100915,5,1
0.5348307291666667,0.21702938988095233,3,2
0.3557477678571429,0.5311569940476191,2,3
0.2844587053571429,0.7047526041666667,2,4
0.29580543154761907,0.7280040922619048,2,4
0.011061532156808052,0.982986086890811,1,5
0.0005115327380952328,0.9816313244047619,1,5
0.7486049107142857,0.0013950892857143016,4,1
0.6831348964146206,0.3228174845377604,4,2
0.2940848214285714,0.7237723214285714,2,4
0.8914682297479539,0.15615081787109375,5,1
0.3646763392857143,0.7900855654761905,2,4
0.44694010416666663,0.5411551339285714,3,3
0.20028831845238093,0.9128069196428571,2,5
0.5892857142857143,0.75,3,4
0.9741908482142857,0.037713913690476164,5,1
0.9888888767787388,0.0021825517926897797,5,1
0.8432384672619048,0.4008091517857143,5,3
0.9496372767857143,0.03659784226190477,5,1
0.561111086890811,0.41507938929966515,3,3
0.8557477678571428,0.20972842261904767,5,2
0.9856151399158296,0.0024800981794085297,5,1
0.011346726190476164,0.9886532738095238,1,5
0.9767857506161645,0.02321424938383554,5,1
0.9970238095238095,0.0982142857142857,5,1
0.0972377232142857,0.15871465773809523,1,1
0.46842447916666663,0.9958612351190477,3,5
0.7362816220238095,0.3589564732142857,4,2
0.9910714285714286,0.9791666666666666,5,5
0.46089099702380953,0.4379185267857143,3,3
0.7807384672619048,0.18949962797619047,4,1
0.998859133039202,0.010069438389369467,5,1
0.275390625,0.7484188988095238,2,4
0.8190104166666666,0.18098958333333337,5,1
0.7218253726050967,0.25436510358537945,4,2
0.9962332589285714,0.9859095982142857,5,5
0.8628627232142857,0.1371372767857143,5,1
0.6244419642857143,0.6196056547619048,4,4
0.9309895833333334,0.09281994047619047,5,1
0.40420386904761907,0.5779389880952381,3,3
0.8471726462954566,0.1421130498250326,5,1
0.8898809523809523,0.3303571428571429,5,2
0.9916666575840541,0.1204364867437453,5,1
0.9834914434523809,0.004975818452380931,5,1
0.7196924118768602,0.32197425478980657,4,2
0.5517578125,0.5672898065476191,3,3
0.765625,0.47842261904761907,4,3
0.5218098958333333,0.44842819940476186,3,3
0.39880952380952384,0.7023809523809523,2,4
0.9404761904761905,0.30952380952380953,5,2
0.9059244791666666,0.16550409226190477,5,1
0.5887276785714286,0.5600818452380952,3,3
0.9871651785714286,0.0009300595238095344,5,1
0.26762462797619047,0.07166108630952384,2,1
0.016462053571428603,0.007347470238095233,1,1
0.9950241815476191,0.016880580357142905,5,1
0.9901189804077148,0.005119096665155309,5,1
0.1414620535714286,0.32877604166666663,1,2
0.9777777535574776,0.9865079607282367,5,5
0.8982514880952381,0.0005580357142856984,5,1
0.9807477678571429,0.37044270833333337,5,2
0.9934895833333334,0.0362723214285714,5,1
0.9718253726050967,0.016269865490141422,5,1
0.8665829613095238,0.16913132440476186,5,1
0.400390625,0.6115141369047619,3,4
0.9354073660714286,0.052687872023809534,5,1
0.9737723214285714,0.30598958333333337,5,2
0.9658668154761905,0.2781808035714286,5,2
0.5804067339215959,0.6041170756022136,3,4
0.94140625,0.37406994047619047,5,2
0.8821149553571429,0.12978980654761907,5,1
0.7124720982142857,0.7577659970238095,4,4
0.9786209833054316,0.1047123500279018,5,1
0.27794828869047616,0.5434802827380952,2,3
0.0027436755952381375,0.0210658482142857,1,1
0.9839099702380952,0.486328125,5,3
0.0634765625,0.8889043898809523,1,5
0.1861049107142857,0.16508556547619047,1,1
0.003214291163853189,0.980119024004255,1,5
0.003214291163853189,0.980119024004255,1,5
0.00455729166666663,0.013299851190476164,1,1
0.5511067708333333,0.002464657738095233,3,1
0.9813523065476191,0.006742931547619069,5,1
0.4955951145717076,0.5055952526274181,3,3
0.6622488839285714,0.8317987351190477,4,5
0.39722224644252235,0.0015872773670014828,2,1
0.46535528273809523,0.2013113839285714,3,2
0.6125372023809523,0.25651041666666663,4,2
0.7184522719610305,0.2759920756022135,4,2
0.9577752976190477,0.024367559523809534,5,1
0.3078373500279018,0.6356150309244792,2,4
0.968253907703218,0.16269847324916298,5,1
0.11458333333333337,0.8973214285714286,1,5
0.9777715773809523,0.01627604166666663,5,1
0.8105003720238095,0.18354724702380953,5,1
0.8617001488095238,0.1263950892857143,5,1
0.8889973958333334,0.30333891369047616,5,2
0.9920479910714286,0.007952008928571397,5,1
0.8117063613164992,0.2240079243977865,5,2
0.9986049107142857,0.007347470238095233,5,1
0.7760416666666666,0.48288690476190477,4,3
0.00455729166666663,0.9597284226190477,1,5
0.47479538690476186,0.4835379464285714,3,3
0.021995907738095233,0.9601469494047619,1,5
0.9148530505952381,0.1803850446428571,5,1
0.7371651785714286,0.7092633928571428,4,4
0.008928571428571397,0.0625,1,1
0.7834821428571428,0.234375,4,2
0.9843254089355469,0.6942460196358817,5,4
0.7433035714285714,0.9233630952380952,4,5
0.4994419642857143,0.48865327380952384,3,3
0.9964657738095238,0.0630580357142857,5,1
0.9997674851190477,0.00023251488095232808,5,1
0.014980134509858578,0.5118055797758556,1,3
0.9866536458333334,0.01334635416666663,5,1
0.9845610119047619,0.9975818452380952,5,5
0.7948288690476191,0.36588541666666663,4,2
0.8000372023809523,0.6880580357142857,5,4
0.9875372023809523,0.0005580357142856984,5,1
0.8102678571428572,0.17782738095238093,5,1
0.6934523809523809,0.38988095238095233,4,2
0.16485305059523814,0.5494326636904762,1,3
0.84765625,0.5332961309523809,5,3
0.7624162946428572,0.1661551339285714,4,1
0.9743768601190477,0.007765997023809534,5,1
0.031854538690476164,0.9819103422619048,1,5
0.30896577380952384,0.00651041666666663,2,1
0.9637276785714286,0.024367559523809534,5,1
0.9741908482142857,0.0019996279761904656,5,1
0.7600911458333334,0.5970517113095238,4,3
0.3514229910714286,0.1586216517857143,2,1
0.9455450148809523,0.27655319940476186,5,2
0.9038783482142857,0.0503627232142857,5,1
0.9642857142857143,0.20238095238095233,5,2
0.6678292410714286,0.5047898065476191,4,3
0.8411537781911882,0.6317899709883879,5,4
0.942956288655599,0.01240085420154391,5,1
0.9837239583333334,0.004371279761904767,5,1
0.04599144345238093,0.9781901041666666,1,5
0.7372116815476191,0.1575055803571429,4,1
0.9782831101190477,0.053338913690476164,5,1
0.8791387648809523,0.06728980654761907,5,1
0.05302574521019343,0.26245044526599703,1,2
0.7337239583333333,0.7305617559523809,4,4
0.8119419642857143,0.19401041666666663,5,1
0.7033575148809523,0.7549758184523809,4,4
0.27292596726190477,0.29441034226190477,2,2
0.6206287202380952,0.010323660714285698,4,1
0.7777157738095238,0.8591889880952381,4,5
0.9682384672619048,0.0019996279761904656,5,1
0.4803292410714286,0.5196707589285714,3,3
0.7902715773809523,0.18591889880952384,4,1
0.5088355654761905,0.038783482142857095,3,1
0.9771670386904762,0.9990234375,5,5
0.5411086309523809,0.13746279761904767,3,1
0.7188430059523809,0.36449032738095233,4,2
0.6890811011904762,0.287109375,4,2
0.7392578125,0.29050409226190477,4,2
0.5075334821428572,0.5162760416666667,3,3
0.9896763392857143,0.09365699404761907,5,1
0.7167038690476191,0.5332961309523809,4,3
0.9961402529761905,0.023577008928571397,5,1
0.5249720982142857,0.8202659970238095,3,5
0.42015438988095233,0.5560360863095238,3,3
0.49223400297619047,0.4839564732142857,3,3
0.012416294642857095,0.9935360863095238,1,5
0.5640872773670015,0.15019843691871282,3,1
0.5462301345098586,0.20376986549014142,3,2
0.9774706704275948,0.019137337094261575,5,1
0.39322916666666663,0.1841517857142857,2,1
0.47735305059523814,0.5047898065476191,3,3
0.9196428571428571,0.03273809523809523,5,1
0.6350911458333333,0.4125279017857143,4,3
0.6199900309244792,0.7698909214564732,4,4
0.3821149553571429,0.5405040922619048,2,3
0.7273530505952381,0.0464564732142857,4,1
0.9819103422619048,0.00023251488095232808,5,1
0.7714781988234747,0.5499503726050967,4,3
0.9148530505952381,0.1446707589285714,5,1
0.9416387648809523,0.9035993303571429,5,5
0.24311755952380953,0.7390252976190477,2,4
0.9905133928571429,0.9975818452380952,5,5
0.8417038690476191,0.5332961309523809,5,3
0.4041573660714286,0.2565569196428571,3,2
0.2396763392857143,0.8436569940476191,2,5
0.25911458333333337,0.9789806547619048,2,5
0.9669363839285714,0.003301711309523836,5,1
0.49920944940476186,0.8817429315476191,3,5
0.9967912946428571,0.08058965773809523,5,1
0.2486049107142857,0.7513950892857143,2,4
0.5749627976190477,0.7762276785714286,3,4
0.9852120535714286,0.0028831845238095344,5,1
0.5938430059523809,0.38829985119047616,3,2
0.8770926339285714,0.12476748511904767,5,1
0.2063337053571429,0.04961867559523814,2,1
0.8730951944986979,0.1280951727004278,5,1
0.8252975827171689,0.3949405125209263,5,2
0.3990754521347488,0.39376685109696896,2,2
0.2939453125,0.7142392113095238,2,4
0.5048363095238095,0.8225446428571428,3,5
0.7873015630812872,0.2067460559663319,4,2
0.9950241815476191,0.004975818452380931,5,1
0.6122116815476191,0.4253627232142857,4,3
0.11686197916666663,0.9181082589285714,1,5
0.29878162202380953,0.7309802827380952,2,4
0.8752790178571429,0.31519717261904767,5,2
0.49479166666666663,0.5171130952380952,3,3
0.8791387648809523,0.2339564732142857,5,2
0.052687872023809534,0.07417224702380953,1,1
0.9557291666666666,0.1930803571428571,5,1
0.9476190294538226,0.04940478006998694,5,1
0.8043154761904762,0.7373511904761905,5,4
0.9093191964285714,0.5668712797619048,5,3
0.9599144345238095,0.010323660714285698,5,1
0.9867001488095238,0.013299851190476164,5,1
0.9003968011765253,0.09365081787109375,5,1
0.9010881696428571,0.2797154017857143,5,2
0.9544735863095238,0.023577008928571397,5,1
0.8974206107003349,0.2692460559663319,5,2
0.9994419642857143,0.2684151785714286,5,2
0.9399181547619048,0.04222470238095233,5,1
0.21544828869047616,0.9750279017857143,2,5
0.014880952380952328,0.0267857142857143,1,1
0.9896763392857143,0.010323660714285698,5,1
0.5219959077380952,0.6684802827380952,3,4
0.46259925478980657,0.7308531261625744,3,4
0.8997860863095238,0.07640438988095233,5,1
0.4882440112885975,0.48794646490187876,3,3
0.9833054315476191,0.01669456845238093,5,1
0.4986049107142857,0.5013950892857143,3,3
0.7989087331862676,0.18115075429280603,4,1
0.9637276785714286,0.018415178571428603,5,1
0.8479817708333334,0.15797061011904767,5,1
0.7494419642857143,0.5541294642857143,4,3
0.8736049107142857,0.12044270833333337,5,1
0.5825427827380952,0.32221912202380953,3,2
0.0018849145798456313,0.010019847324916342,1,1
0.7524181547619048,0.46781994047619047,4,3
0.5139973958333333,0.41048177083333337,3,3
0.8142671130952381,0.18573288690476186,5,1
0.9514973958333334,0.0682198660714286,5,1
0.8765811011904762,0.099609375,5,1
0.9907459077380952,0.009254092261904767,5,1
0.49976748511904767,0.48832775297619047,3,3
0.9914434523809523,0.0680803571428571,5,1
0.9654482886904762,0.0464564732142857,5,1
0.32221912202380953,0.33849516369047616,2,2
0.49739583333333337,0.7942708333333334,3,4
0.5190197172619048,0.2964564732142857,3,2
0.8089657738095238,0.20889136904761907,5,2
0.981597173781622,0.006498064313616103,5,1
0.029761904761904767,0.4107142857142857,1,3
0.9920138404482887,0.0020337785993304047,5,1
0.9696800595238095,0.7981770833333334,5,4
0.9696800595238095,0.0005580357142856984,5,1
0.9896763392857143,0.010323660714285698,5,1
0.011346726190476164,0.00651041666666663,1,1
0.8598865327380952,0.08058965773809523,5,1
0.3524802071707589,0.6624007452101934,2,4
0.16229538690476186,0.18294270833333337,1,1
0.44256882440476186,0.5116722470238095,3,3
0.5675688244047619,0.44619605654761907,3,3
0.9860956101190477,0.3829520089285714,5,2
0.5722191220238095,0.42778087797619047,3,3
0.7392578125,0.27264694940476186,4,2
0.7660435267857143,0.6446707589285714,4,4
0.9599144345238095,0.040085565476190466,5,1
0.29989769345238093,0.7298642113095238,2,4
0.7664682297479539,0.08472224644252235,4,1
0.9905257452101934,0.0035218738374256375,5,1
0.4803292410714286,0.3053850446428571,3,2
0.9926525297619048,0.0013950892857143016,5,1
0.00455729166666663,0.013299851190476164,1,1
0.9831194196428571,0.27283296130952384,5,2
0.9773530505952381,0.01669456845238093,5,1
0.38360305059523814,0.09853980654761907,2,1
0.8491908482142857,0.04961867559523814,5,1
0.6712301345098586,0.3049603416806176,4,2
0.4280133928571429,0.7684151785714286,3,4
0.5515252976190477,0.019903273809523836,3,1
0.8982514880952381,0.5719866071428572,5,3
0.9450334821428571,0.054966517857142905,5,1
0.47357177734375,0.822857448032924,3,5
0.9503813244047619,0.0258091517857143,5,1
0.7093098958333333,0.29069010416666663,4,2
0.5053943452380952,0.5065104166666667,3,3
0.5368768601190477,0.4928850446428571,3,3
0.6916387648809523,0.49883742559523814,4,3
0.8860677083333334,0.24488467261904767,5,2
0.8170572916666666,0.1531808035714286,5,1
0.5064639136904762,0.48163132440476186,3,3
0.9972222646077474,0.00634920029413133,5,1
0.06205358959379648,0.05937494550432476,1,1
0.9621031624930245,0.19861112322126118,5,1
0.8914186386835008,0.19191469464983257,5,1
0.7583705357142857,0.2237723214285714,4,2
0.7524181547619048,0.21186755952380953,4,2
0.7094959077380952,0.3857421875,4,2
0.8702101934523809,0.3500279017857143,5,2
0.0887276785714286,0.1077008928571429,1,1
0.9237816220238095,0.07621837797619047,5,1
0.36128162202380953,0.6863374255952381,2,4
0.9892578125,0.034551711309523836,5,1
0.6888950892857143,0.41229538690476186,4,3
0.8922991071428571,0.10174851190476186,5,1
0.42182849702380953,0.5900762648809523,3,3
0.9994419642857143,0.018415178571428603,5,1
0.4044363839285714,0.31580171130952384,3,2
0.9706101190476191,0.1305803571428571,5,1
0.44751984732491634,0.9870039621988932,3,5
0.9712797800699869,0.028720219930013058,5,1
0.7188491821289062,0.007341294061569914,4,1
0.48628162202380953,0.5018136160714286,3,3
0.6469959077380952,0.21014694940476186,4,2
0.8801618303571429,0.1019810267857143,5,1
0.9973958333333334,0.008556547619047672,5,1
0.5740792410714286,0.6759207589285714,3,4
0.8424944196428572,0.29850260416666663,5,2
0.9862816220238095,0.0018136160714286031,5,1
0.7333054315476191,0.43336123511904767,4,3
0.4089006696428571,0.5137183779761905,3,3
0.9926587059384301,0.37043653215680805,5,2
0.6321149553571428,0.34407552083333337,4,2
0.9321056547619048,0.06789434523809523,5,1
0.8349144345238095,0.16508556547619047,5,1
0.001581101190476164,0.8734188988095238,1,5
0.9645182291666666,0.02766927083333337,5,1
0.9747953869047619,0.0013950892857143016,5,1
0.8706287202380952,0.18294270833333337,5,1
0.8075241815476191,0.0019996279761904656,5,1
0.4962332589285714,0.6466238839285714,3,4
0.7749720982142857,0.5405040922619048,4,3
0.9594959077380952,0.4928850446428571,5,3
0.9652157738095238,0.07049851190476186,5,1
0.9896763392857143,0.01627604166666663,5,1
0.5286458333333333,0.6796875,3,4
0.19759114583333337,0.7547898065476191,1,4
0.8140345982142857,0.14429873511904767,5,1
0.024553571428571397,0.9873511904761905,1,5
0.9628968011765253,0.0013889131091889828,5,1
0.4539620535714286,0.1710379464285714,3,1
0.6184895833333333,0.28031994047619047,4,2
0.6950334821428572,0.29306175595238093,4,2
0.9637276785714286,0.018415178571428603,5,1
0.6202101934523809,0.15955171130952384,4,1
0.6797340029761905,0.45121837797619047,4,3
0.43769840967087514,0.7640872682843889,3,4
0.9446149553571429,0.0732421875,5,1
0.9802362351190477,0.013811383928571397,5,1
0.9762295037614639,0.0016875407250832586,5,1
0.0026506696428570953,0.9646112351190477,1,5
0.5396824791317895,0.5019841875348772,3,3
0.8329148065476191,0.8337518601190477,5,5
0.5021329607282365,0.2538194202241444,3,2
0.7921781994047619,0.38639322916666663,4,2
0.8005952380952381,0.32440476190476186,5,2
0.0009765625,0.9990234375,1,5
0.8658389136904762,0.03297061011904767,5,1
0.49646577380952384,0.5035342261904762,3,3
0.26488095238095233,0.43154761904761907,2,3
0.7456348964146206,0.2841270083472842,4,2
0.30003720238095233,0.7952008928571428,2,4
0.5551587059384301,0.4805555797758556,3,3
0.5835316975911458,0.7498016357421875,3,4
0.9214099702380952,0.32859002976190477,5,2
0.2067522321428571,0.7694382440476191,2,4
0.9761904761904762,0.017857142857142905,5,1
0.31016867501395085,0.08268846784319195,2,1
0.9553571428571429,0.014880952380952328,5,1
0.6336960565476191,0.10439918154761907,4,1
0.9798611232212612,0.014186495826357892,5,1
0.7402777898879278,0.3222222101120722,4,2
0.9783234369187128,0.01572418212890625,5,1
0.4458705357142857,0.8636532738095238,3,5
0.01432291666666663,0.9916294642857143,1,5
0.49945431663876483,0.5243552071707589,3,3
0.6110956101190477,0.5258091517857143,4,3
0.26348586309523814,0.7781808035714286,2,4
0.8857638949439639,0.1053075336274647,5,1
0.9777777535574776,0.5103174845377605,5,3
0.7962239583333334,0.43591889880952384,4,3
0.8021825154622396,0.5787698654901414,5,3
0.7241908482142857,0.28771391369047616,4,2
0.0249720982142857,0.20121837797619047,1,2
0.9865141369047619,0.01943824404761907,5,1
0.8158482142857143,0.37462797619047616,5,2
0.8962053571428571,0.11569940476190477,5,1
0.6339750744047619,0.7767392113095238,4,4
0.9863746279761905,0.2041015625,5,2
0.027948288690476164,0.025623139880952328,1,1
0.3387276785714286,0.7029389880952381,2,4
0.9620070684523809,0.0022786458333333703,5,1
0.5202752976190477,0.9975818452380952,3,5
0.4012276785714286,0.015438988095238138,3,1
0.020275297619047672,0.08686755952380953,1,1
0.9845610119047619,0.1702008928571429,5,1
0.19800967261904767,0.49841889880952384,1,3
0.11109561011904767,0.5496186755952381,1,3
0.6255952290126255,0.3059523900349935,4,2
0.41527775355747765,0.13829367501395085,3,1
0.9994419642857143,0.19103422619047616,5,1
0.9267578125,0.06728980654761907,5,1
0.44619605654761907,0.00023251488095232808,3,1
0.6648530505952381,0.38276599702380953,4,2
0.05252978915259954,0.19270828792027062,1,1
0.9325241815476191,0.24604724702380953,5,2
0.9934895833333334,0.0005580357142856984,5,1
0.9208054315476191,0.9184802827380952,5,5
0.9926587059384301,0.0013889131091889828,5,1
0.9988094965616862,0.015079362051827583,5,1
0.6469959077380952,0.34705171130952384,4,2
0.9471261160714286,0.3028738839285714,5,2
0.7818545386904762,0.011672247023809534,4,1
0.6955915178571428,0.5960751488095238,4,3
0.9703372773670015,0.02073415120442712,5,1
0.9956348964146206,0.004365103585379448,5,1
0.2749720982142857,0.004789806547619069,2,1
0.8225911458333334,0.2964564732142857,5,2
0.7312127976190477,0.5366443452380952,4,3
0.5946800595238095,0.0005580357142856984,3,1
0.8406808035714286,0.40336681547619047,5,3
0.8509579613095238,0.14904203869047616,5,1
0.8434027263096401,0.1733630498250326,5,1
0.1946149553571429,0.6922898065476191,1,4
0.001581101190476164,0.028180803571428603,1,1
0.7218191964285714,0.2781808035714286,4,2
0.6856150854201544,0.26676586696079796,4,2
0.8289620535714286,0.17699032738095233,5,1
0.32598586309523814,0.537109375,2,3
0.37616257440476186,0.8381231398809523,2,5
0.5531529017857143,0.6551804315476191,3,4
0.001581101190476164,0.9805617559523809,1,5
0.8655133928571428,0.8844866071428571,5,5
0.9981863839285714,0.1089564732142857,5,1
0.011346726190476164,0.9886532738095238,1,5
0.8695591517857143,0.5768694196428572,5,3
0.0029761904761904656,0.9761904761904762,1,5
0.9599144345238095,0.12937127976190477,5,1
0.9975818452380952,0.18098958333333337,5,1
0.18396577380952384,0.8338913690476191,1,5
0.9912050792149135,0.3658657528105236,5,2
0.5275297619047619,0.484375,3,3
0.21670386904761907,0.6702008928571428,2,4
0.7970610119047619,0.5541294642857143,4,3
0.8208705357142857,0.83984375,5,5
0.13035746983119423,0.923095703125,1,5
0.962890625,0.35258556547619047,5,2
0.7316467648460752,0.4052579970586867,4,3
0.7963294074648902,0.17113095238095233,4,1
0.9803292410714286,0.013718377976190466,5,1
0.2405133928571429,0.7178199404761905,2,4
0.7928292410714286,0.8143136160714286,4,5
0.7839006696428572,0.1446707589285714,4,1
0.6559244791666667,0.12383742559523814,4,1
0.8642578125,0.4928850446428571,5,3
0.11170014880952384,0.23949032738095233,1,2
0.8175688244047619,0.42238653273809523,5,3
0.837890625,0.13234747023809523,5,1
0.7905753907703218,0.20644841875348774,4,2
0.8241722470238095,0.41987537202380953,5,3
0.8944382440476191,0.224609375,5,2
0.30302574521019343,0.12554568336123517,2,1
0.019019717261904767,0.004789806547619069,1,1
0.008370535714285698,0.9856770833333334,1,5
0.2430245535714286,0.2569754464285714,2,2
0.5378069196428572,0.8688151041666666,3,5
0.43978173392159603,0.316170647030785,3,2
0.5666387648809523,0.8024088541666666,3,5
0.4369419642857143,0.5571056547619048,3,3
0.9832124255952381,0.016787574404761862,5,1
0.8742094494047619,0.1019810267857143,5,1
0.858482179187593,0.1534225827171689,5,1
0.7690197172619048,0.21907552083333337,4,2
0.6414682297479539,0.44186510358537945,4,3
0.8956008184523809,0.13416108630952384,5,1
0.8458891369047619,0.16006324404761907,5,1
0.7902715773809523,0.7811569940476191,4,4
0.10514322916666663,0.8412853422619048,1,5
0.5487816220238095,0.4750279017857143,3,3
0.5288783482142857,0.43726748511904767,3,3
0.828125,0.14806547619047616,5,1
0.40824962797619047,0.7227027529761905,3,4
0.45056733630952384,0.4303850446428571,3,3
0.9862816220238095,0.013718377976190466,5,1
0.5119047619047619,0.44047619047619047,3,3
0.8584325881231398,0.06121026901971727,5,1
0.8291666848318917,0.010119029453822592,5,1
0.7719959077380952,0.9303850446428571,4,5
0.43991815476190477,0.5541294642857143,3,3
0.35681733630952384,0.33961123511904767,2,2
0.5279482886904762,0.6327659970238095,3,4
0.7749999818347749,0.9690476372128441,4,5
0.6711309523809523,0.30505952380952384,4,2
0.9005766369047619,0.3970424107142857,5,2
0.8676587059384301,0.5251984369187128,5,3
0.8297991071428572,0.8309151785714286,5,5
0.9911179315476191,0.08031063988095233,5,1
0.9767020089285714,0.017345610119047672,5,1
0.7724144345238095,0.1978236607142857,4,1
0.9896763392857143,0.9924665178571429,5,5
0.7184244791666667,0.34705171130952384,4,2
0.1566685267857143,0.9341052827380952,1,5
0.9743768601190477,0.9541945684523809,5,5
0.9093191964285714,0.060918898809523836,5,1
0.09979538690476186,0.6263950892857143,1,4
0.8146825517926897,0.16746030535016743,5,1
0.9898623511904762,0.010137648809523836,5,1
0.8357514880952381,0.5511532738095238,5,3
0.5437593005952381,0.38667224702380953,3,2
0.9753968375069755,0.2507936386835008,5,2
0.7184244791666667,0.0732421875,4,1
0.7273530505952381,0.3143136160714286,4,2
0.48135230654761907,0.32221912202380953,3,2
0.9830950782412574,0.014523642403738823,5,1
0.6678292410714286,0.7012183779761905,4,4
0.7976190476190477,0.8154761904761905,4,5
0.9122953869047619,0.1353236607142857,5,1
0.9866071428571429,0.30505952380952384,5,2
0.9783761160714286,0.021623883928571397,5,1
0.9446149553571429,0.11490885416666663,5,1
0.8214750744047619,0.057245163690476164,5,1
0.8798809051513672,0.7582142239525205,5,4
0.2515872773670015,0.8019841512044271,2,5
0.8506324404761905,0.1434151785714286,5,1
0.9882441021147228,0.003422600882393989,5,1
0.9325396219889323,0.0615079970586867,5,1
0.2494419642857143,0.6910342261904762,2,4
0.9017857142857143,0.13988095238095233,5,1
0.49348958333333337,0.48865327380952384,3,3
0.9063491821289062,0.08769843691871282,5,1
0.8479817708333334,0.1460658482142857,5,1
0.9803292410714286,0.013718377976190466,5,1
0.8208705357142857,0.3219866071428571,5,2
0.8771701767331078,0.11290920348394484,5,1
0.7981770833333334,0.18396577380952384,4,1
0.9867001488095238,0.0013950892857143016,5,1
0.6618768601190477,0.6357421875,4,4
0.1780133928571429,0.8160342261904762,1,5
0.7052579607282365,0.6280753726050967,4,4
0.9847935267857143,0.015206473214285698,5,1
0.8640718005952381,0.30854724702380953,5,2
0.9777715773809523,0.004371279761904767,5,1
0.4892578125,0.9571707589285714,3,5
0.9867001488095238,0.0013950892857143016,5,1
0.001581101190476164,0.040085565476190466,1,1
0.9548114594959077,0.033283778599330405,5,1
0.7158668154761905,0.3674665178571429,4,2
0.4124999273390997,0.47916666666666663,3,3
0.42378162202380953,0.1000279017857143,3,1
0.9956348964146206,0.12341272263299852,5,1
0.9756324404761905,0.04817708333333337,5,1
0.9805152529761905,0.01985677083333337,5,1
0.9975818452380952,0.28813244047619047,5,2
0.8868055797758556,0.029861086890811017,5,1
0.3302176339285714,0.7709728422619048,2,4
0.23670014880952384,0.537109375,2,3
0.5755673363095238,0.4482421875,3,3
0.9380115327380952,0.07389322916666663,5,1
0.17206101190476186,0.8696056547619048,1,5
0.19598216102236798,0.4492558978852772,1,3
0.8997860863095238,0.36211867559523814,5,2
0.0433872767857143,0.6887555803571428,1,4
0.8199710109311222,0.6892892755649842,5,4
0.8255673363095238,0.5494326636904762,5,3
0.8869047619047619,0.09523809523809523,5,1
0.8811383928571429,0.23790922619047616,5,2
0.9786086309523809,0.02139136904761907,5,1
0.9926587059384301,0.0013889131091889828,5,1
0.49562872023809523,0.19484747023809523,3,1
0.1713169642857143,0.0965401785714286,1,1
0.16348121279761907,0.34247116815476186,1,2
0.10328311011904767,0.8390531994047619,1,5
0.5462239583333333,0.8406808035714286,3,5
0.7053570974440801,0.1470238367716471,4,1
0.7505115327380952,0.2554408482142857,4,2
0.8744543166387648,0.3457837785993304,5,2
0.8530951908656529,0.13023803347633,5,1
0.9212239583333334,0.2335379464285714,5,2
0.9594959077380952,0.034551711309523836,5,1
0.987549554734003,0.012450445265997034,5,1
0.6839781261625744,0.28625996907552087,4,2
0.9786086309523809,0.6940104166666667,5,4
0.13857886904761907,0.8257068452380952,1,5
0.9386625744047619,0.9720517113095238,5,5
0.5194444202241444,0.004365103585379448,3,1
0.5021856398809523,0.20614769345238093,3,2
0.5176587331862676,0.28988097962879,3,2
0.7396763392857143,0.224609375,4,2
0.9640873500279018,0.012103126162574362,5,1
0.28515625,0.28031994047619047,2,2
0.5402715773809523,0.4656808035714286,3,3
0.8765811011904762,0.7424665178571428,5,4
0.6947421119326637,0.47490074521019343,4,3
0.587619009472075,0.03261906760079525,3,1
0.4967857088361468,0.546071415855771,3,3
0.9856305803571429,0.002464657738095233,5,1
0.9682384672619048,0.5258091517857143,5,3
0.9914434523809523,0.008556547619047672,5,1
0.9786086309523809,0.003534226190476164,5,1
0.49562872023809523,0.49841889880952384,3,3
0.8434244791666666,0.6506231398809523,5,4
0.6866164434523809,0.22595796130952384,4,2
0.5343253726050967,0.49543653215680805,3,3
0.9756447928292411,0.9767361595517113,5,5
0.8731863839285714,0.0018136160714286031,5,1
0.5341331845238095,0.001581101190476164,3,1
0.30812872023809523,0.1799665178571429,2,1
0.6474144345238095,0.29901413690476186,4,2
0.9789341517857143,0.9853515625,5,5
0.7724206107003349,0.23353177025204608,4,2
0.10252979823521202,0.40937496366954984,1,3
0.7509765625,0.5704520089285714,4,3
0.9658668154761905,0.224609375,5,2
0.9718253726050967,0.013293675013950845,5,1
0.8666062127976191,0.2167271205357143,5,2
0.5946800595238095,0.45293898809523814,3,3
0.8687220982142857,0.33365885416666663,5,2
0.9801432291666666,0.30557105654761907,5,2
0.8893229166666666,0.24758184523809523,5,2
0.9747953869047619,0.0013950892857143016,5,1
0.8795572916666666,0.15020461309523814,5,1
0.7878069196428572,0.21405319940476186,4,2
0.6232793898809523,0.2755301339285714,4,2
0.5487816220238095,0.8500279017857143,3,5
0.9876767113095238,0.6492280505952381,5,4
0.9194103422619048,0.15797061011904767,5,1
0.002418154761904767,0.8190104166666666,1,5
0.7102678843906948,0.3802082879202706,4,2
0.9008091517857143,0.18252418154761907,5,1
0.8285435267857143,0.21907552083333337,5,2
0.9465774354480562,0.2177083151681083,5,2
0.27976190476190477,0.0357142857142857,2,1
0.8244047619047619,0.1696428571428571,5,1
0.009812127976190466,0.9604259672619048,1,5
0.8476190112885975,0.015476226806640625,5,1
0.47172619047619047,0.28422619047619047,3,2
0.7634858630952381,0.28413318452380953,4,2
0.9428943452380952,0.5094866071428572,5,3
0.5075334821428572,0.1888950892857143,3,1
0.5134920392717635,0.5162698654901414,3,3
0.003952752976190466,0.9722377232142857,1,5
0.5635695684523809,0.0019066220238095344,3,1
0.5125558035714286,0.3267299107142857,3,2
0.2361886160714286,0.9185732886904762,2,5
0.9823753720238095,0.1586216517857143,5,1
0.7583705357142857,0.6463913690476191,4,4
0.7345610119047619,0.19996279761904767,4,1
0.9518229166666666,0.0541294642857143,5,1
0.42122395833333337,0.6025855654761905,3,4
0.9860956101190477,0.10914248511904767,5,1
0.2794363839285714,0.018182663690476164,2,1
0.9862816220238095,0.6268136160714286,5,4
0.9376984096708751,0.5781746364775158,5,3
0.2370412009102958,0.0030382247198195156,2,1
0.6951264880952381,0.3286830357142857,4,2
0.014940398080008355,0.9802976789928618,1,5
0.9756324404761905,0.08984375,5,1
0.9796781994047619,0.020321800595238138,5,1
0.8432384672619048,0.34128534226190477,5,2
0.3503069196428571,0.9670293898809523,2,5
0.24223400297619047,0.7577659970238095,2,4
0.9609127044677734,0.06299600147065665,5,1
0.49646577380952384,0.5213913690476191,3,3
0.9994419642857143,0.06008184523809523,5,1
0.8464006696428572,0.5881231398809523,5,3
0.8053385416666666,0.22442336309523814,5,2
0.48265438988095233,0.5471075148809523,3,3
0.9916294642857143,0.41313244047619047,5,3
0.9089006696428571,0.049432663690476164,5,1
0.9807539440336681,0.6978174845377605,5,4
0.6767578125,0.06133742559523814,4,1
0.8285435267857143,0.19526599702380953,5,1
0.6657366071428572,0.25093005952380953,4,2
0.914732161022368,0.06741069612048922,5,1
0.4271763392857143,0.5311569940476191,3,3
0.7144345783051991,0.40818450564429876,4,3
0.7297247023809523,0.038132440476190466,4,1
0.8999720982142857,0.6714564732142857,5,4
0.9147600446428571,0.23404947916666663,5,2
0.9950241815476191,0.016880580357142905,5,1
0.0014880952380952328,0.9925595238095238,1,5
0.0160435267857143,0.025623139880952328,1,1
0.5744512648809523,0.2886439732142857,3,2
0.28092447916666663,0.7131231398809523,2,4
0.9956287202380952,0.010323660714285698,5,1
0.9851190476190477,0.19940476190476186,5,1
0.2303292410714286,0.1089564732142857,2,1
0.8789186023530506,0.1538194928850446,5,1
0.6529482886904762,0.38276599702380953,4,2
0.9945591517857143,0.01139322916666663,5,1
0.9414527529761905,0.0525948660714286,5,1
0.9593098958333334,0.0347377232142857,5,1
0.849609375,0.25158110119047616,5,2
0.5054687636239182,0.2719121978396456,3,2
0.7732514880952381,0.20889136904761907,4,2
0.6809895833333333,0.9975818452380952,4,5
0.8884858630952381,0.12341889880952384,5,1
0.9450335729689825,0.06885537647065665,5,1
0.8672340029761905,0.1268136160714286,5,1
0.8765811011904762,0.8138950892857143,5,5
0.48609561011904767,0.48414248511904767,3,3
0.39825148809523814,0.5838913690476191,2,3
0.37913876488095233,0.4125279017857143,2,3
0.9270833333333334,0.07291666666666663,5,1
0.7432310558061566,0.11843680042781835,4,1
0.865141429598369,0.1011284116714718,5,1
0.1271701540265765,0.06529013315836585,1,1
0.7876674107142857,0.22423735119047616,4,2
0.1715959821428571,0.17959449404761907,1,1
0.7479662214006697,0.007986159551711336,4,1
0.2970833097185407,0.46601191021147226,2,3
0.9900297891525995,0.9873511450631278,5,5
0.41062127976190477,0.6667596726190477,3,4
0.5165550595238095,0.49534970238095233,3,3
0.9815848214285714,0.018415178571428603,5,1
0.9594959077380952,0.48098028273809523,5,3
0.8077101934523809,0.9006231398809523,5,5
0.7449776785714286,0.6062127976190477,4,4
0.7628967648460752,0.20734133039202007,4,2
0.8289620535714286,0.21865699404761907,5,2
0.0010714303879511,0.994166646684919,1,5
0.7600911458333334,0.48990885416666663,4,3
0.5368768601190477,0.2607421875,3,2
0.9690476372128441,0.013095219930013058,5,1
0.9922340029761905,0.007765997023809534,5,1
0.9981863839285714,0.19228980654761907,5,1
0.9334821405864895,0.2296130929674418,5,2
0.9856305803571429,0.02627418154761907,5,1
0.49897693452380953,0.49507068452380953,3,3
0.7914285659790039,0.2990476063319615,4,2
0.7069382440476191,0.8287760416666666,4,5
0.017361141386486256,0.01855159941173734,1,1
0.49800037202380953,0.5139043898809523,3,3
0.7946428571428572,0.36011904761904767,4,2
0.7373046875,0.29245721726190477,4,2
0.7932477678571428,0.30199032738095233,4,2
0.5398530505952381,0.5732421875,3,3
0.9128069196428571,0.2021484375,5,2
0.5093005952380952,0.4966517857142857,3,3
0.35956101190476186,0.5452008928571428,2,3
0.3238590785435268,0.6820933024088542,2,4
0.778918675013951,0.10203370593843009,4,1
0.42792038690476186,0.0482700892857143,3,1
0.05003720238095233,0.9142485119047619,1,5
0.9994543166387648,0.009474254789806569,5,1
0.014335269019717267,0.02137901669456843,1,1
0.7556268601190477,0.23246837797619047,4,2
0.9609840029761905,0.009254092261904767,5,1
0.7187995910644531,0.7335813613164992,4,4
0.8587769427310703,0.23257281930523077,5,2
0.5938430059523809,0.3228236607142857,3,2
0.9854910714285714,0.0026041666666666297,5,1
0.9624720982142857,0.11490885416666663,5,1
0.04320126488095233,0.9746558779761905,1,5
0.9309895833333334,0.4202008928571429,5,3
0.9989769345238095,0.42364211309523814,5,3
0.6944289434523809,0.7698567708333334,4,4
0.9849206833612352,0.3126983642578125,5,2
0.29409717378162203,0.5213790166945684,2,3
0.7243768601190477,0.2160993303571429,4,2
0.10830543154761907,0.9869326636904762,1,5
0.9670293898809523,0.03297061011904767,5,1
0.0022321428571429047,0.009672619047619069,1,1
0.8342860766819545,0.19250050045195077,5,1
0.9773530505952381,0.17740885416666663,5,1
0.007114955357142905,0.9809802827380952,1,5
0.2345733642578125,0.9916171119326637,2,5
0.48567708333333337,0.5143229166666667,3,3
0.6916387648809523,0.8738374255952381,4,5
0.9765625,0.0234375,5,1
0.6468098958333333,0.32342819940476186,4,2
0.9747953869047619,0.0013950892857143016,5,1
0.3355035100664411,0.7260044415791829,2,4
0.7857142857142857,0.19047619047619047,4,1
0.9757440839494981,0.1754463922409787,5,1
0.9807478889586436,0.3069506448412701,5,2
0.8612816220238095,0.12086123511904767,5,1
0.8859747780693904,0.13981890299963595,5,1
0.9757719494047619,0.018275669642857095,5,1
0.8907076971871513,0.19527112869989305,5,1
0.7889694940476191,0.5503162202380952,4,3
0.15729173024495446,0.2736607052031017,1,2
0.6920572916666667,0.32579985119047616,4,2
0.41666666666666663,0.6011904761904762,3,4
0.9282459077380952,0.06580171130952384,5,1
0.261193846150513,0.21202501744249058,2,2
0.6474144345238095,0.6382998511904762,4,4
0.9514973958333334,0.47298177083333337,5,3
0.8850911458333334,0.10300409226190477,5,1
0.9862816220238095,0.0018136160714286031,5,1
0.7309337797619048,0.25120907738095233,4,2
0.9956348964146206,0.01031748453776038,5,1
0.97265625,0.9797247023809523,5,5
0.9399181547619048,0.06008184523809523,5,1
0.22797602698916486,0.7844642457507905,2,4
0.9837239583333334,0.010323660714285698,5,1
0.9934895833333334,0.00651041666666663,5,1
0.9825148809523809,0.01748511904761907,5,1
0.9646577380952381,0.9996279761904762,5,5
0.06830357142857157,0.8447916485014417,1,5
0.7313523065476191,0.0007905505952381375,4,1
0.08449590773809523,0.8738374255952381,1,5
0.9815848214285714,0.012462797619047672,5,1
0.9345238095238095,0.20833333333333337,5,2
0.8686012540544783,0.11592260996500647,5,1
0.9773530505952381,0.0821707589285714,5,1
0.9743768601190477,0.9660993303571429,5,5
0.0026506696428570953,0.009254092261904767,1,1
0.9132719494047619,0.6224423363095238,5,4
0.7452380770728702,0.2666666848318917,4,2
0.9667038690476191,0.009486607142857095,5,1
0.7337239583333333,0.0638950892857143,4,1
0.7452101934523809,0.21312313988095233,4,2
0.09145588344997813,0.9819568149627199,1,5
0.962890625,0.007347470238095233,5,1
0.06161644345238093,0.9819103422619048,1,5
0.27027529761904767,0.7713913690476191,2,4
0.9684244791666666,0.019670758928571397,5,1
0.5150298164004371,0.25639879135858445,3,2
0.002092633928571397,0.9640531994047619,1,5
0.981597173781622,0.012450445265997034,5,1
0.10235305059523814,0.7964564732142857,1,4
0.8553292410714286,0.23990885416666663,5,2
0.9867001488095238,0.0013950892857143016,5,1
0.22121465773809523,0.6180710565476191,2,4
0.6975911458333333,0.5643136160714286,4,3
0.6946149553571428,0.41848028273809523,4,3
0.012276785714285698,0.9877232142857143,1,5
0.9915829613095238,0.014369419642857095,5,1
0.8404482886904762,0.3143136160714286,5,2
0.9700055803571429,0.018089657738095233,5,1
0.9250372023809523,0.07496279761904767,5,1
0.9785714376540411,0.027380943298339844,5,1
0.8557539440336681,0.03710319882347468,5,1
0.5033482142857143,0.008556547619047672,3,1
0.5649181547619048,0.9053199404761905,3,5
0.9986049107142857,0.0013950892857143016,5,1
0.16801525297619047,0.17127046130952384,1,1
0.19289434523809523,0.8963913690476191,1,5
0.9944196428571429,0.01748511904761907,5,1
0.35830543154761907,0.6416945684523809,2,4
0.6117001488095238,0.9240141369047619,4,5
0.6872618993123372,0.7008333206176758,4,4
0.6690848214285714,0.23567708333333337,4,2
0.9624720982142857,0.0732421875,5,1
0.6747892470586867,0.37481398809523814,4,2
0.5132533482142857,0.2367466517857143,3,2
0.8969959077380952,0.3232421875,5,2
0.8030133928571428,0.22079613095238093,5,2
0.775967311859131,0.7740327153887069,4,4
0.9779575892857143,0.010137648809523836,5,1
0.8357514880952381,0.051153273809523836,5,1
0.9402436755952381,0.48237537202380953,5,3
0.1798270089285714,0.11183965773809523,1,1
0.8880673363095238,0.5940755208333333,5,3
0.7453869410923549,0.2433035714285714,4,2
0.97265625,0.6702008928571428,5,4
0.996825445265997,0.9912697928292411,5,5
0.7541387648809523,0.5375279017857143,4,3
0.19163876488095233,0.7964564732142857,1,4
0.3258928571428571,0.6681547619047619,2,4
0.936111086890811,0.27222224644252235,5,2
0.9794642130533854,0.009821392240978444,5,1
0.7113095238095238,0.28869047619047616,4,2
0.8880673363095238,0.10598028273809523,5,1
0.9767020089285714,0.1661551339285714,5,1
0.8642578125,0.11193266369047616,5,1
0.6502976644606817,0.23918655940464562,4,2
0.9983723958333334,0.007579985119047672,5,1
0.8493768601190477,0.16848028273809523,5,1
0.6214657738095238,0.7297247023809523,4,4
0.3539341517857143,0.6817801339285714,2,4
0.7783729916527158,0.0013889131091889828,4,1
